,count,mean,std,min,25%,50%,75%,max,img_name
0,6400.0,0.9758400091554131,0.06922960699518113,0.0,0.979140917067216,0.9805905241474021,0.9821316853589684,0.9911192492561227,phMix402_c_0.dcm
1,8712.0,0.9778304136967445,0.04924157351013824,0.0,0.978988326848249,0.9803768978408484,0.9817807278553444,0.986831464103151,phMix402_c_0.dcm
2,5120.0,0.9821138513771267,0.0025848597216472182,0.9751125352864881,0.9803311207751583,0.9818265049210345,0.9840390630960555,0.9892729076066225,phMix402_c_0.dcm
3,1936.0,0.9823410791785602,0.0017601468565349749,0.975417715724422,0.9816433966582742,0.9824521248187991,0.9835812924391546,0.9865415426871138,phMix402_c_0.dcm
4,16384.0,0.9814888636707724,0.002779656250580864,0.9703822384985122,0.9795376516365301,0.9815365835049973,0.9833524071107042,0.9906767376211185,phMix402_c_0.dcm
5,24300.0,0.9816347410879933,0.002579143426068481,0.973006790264744,0.9798733501182574,0.9817807278553444,0.9833218890669108,0.9899290455481804,phMix402_c_0.dcm
6,32400.0,0.9850480037525892,0.0062057787594333915,0.9534752422369727,0.9801327534905012,0.9856870374608988,0.9903868162050813,0.9969939726863508,phMix402_c_0.dcm
7,65536.0,0.9802508968214444,0.057521252006711064,0.0,0.9798733501182574,0.9841000991836423,0.98803692683299,0.996383611810483,phMix402_c_0.dcm
8,131044.0,0.9625648930241656,0.14361196527545372,0.0,0.9798886091401541,0.9844052796215763,0.9889677271686885,0.997589074540322,phMix402_c_0.dcm
9,6144.0,0.9763361255555236,0.07070957921767004,0.0,0.9798123140306706,0.9811551079575799,0.9826657511253528,0.9931029221026932,phMix402_c_1.dcm
10,4840.0,0.9767860495968653,0.06604342845721033,0.0,0.980041199359121,0.9813076981765468,0.9826199740596627,0.9886015106431678,phMix402_c_1.dcm
11,4096.0,0.9828442213309205,0.002671836684009339,0.9762417029068436,0.980849927519646,0.982581826504921,0.9850957503624018,0.9900968947890441,phMix402_c_1.dcm
12,7744.0,0.9830387518466885,0.0027936439814865545,0.9749904631113145,0.9812161440451667,0.9829251544975967,0.9846990157930877,0.9924010070954452,phMix402_c_1.dcm
13,8192.0,0.982228296649095,0.0032416354354041685,0.9701380941481651,0.9802700846875715,0.9826352330815594,0.9844548714427406,0.991103990234226,phMix402_c_1.dcm
14,24300.0,0.9820963503622133,0.002502001460674703,0.9737850003814755,0.9802853437094682,0.9821927214465552,0.983764400701915,0.991103990234226,phMix402_c_1.dcm
15,32400.0,0.9855486527319773,0.006135349104052409,0.9545586327916381,0.9806668192568856,0.9862668802929733,0.9908140688181888,0.9975585564965286,phMix402_c_1.dcm
16,131072.0,0.9672418804056648,0.1260552192056403,0.0,0.9796292057679102,0.9843289845120927,0.9889829861905852,0.9974517433432517,phMix402_c_1.dcm
17,131044.0,0.9631317047186109,0.14279136650367955,0.0,0.9802243076218814,0.9847257190814069,0.9892576485847258,0.9975585564965286,phMix402_c_1.dcm
18,6400.0,0.9766842264629587,0.06930687715545678,0.0,0.9797512779430838,0.9813839932860303,0.9829098954757,0.9935606927595941,phMix402_c_2.dcm
19,9196.0,0.981339684710377,0.002392477081290613,0.9739833676661326,0.9798886091401541,0.9811398489356832,0.9826199740596627,0.9904478522926681,phMix402_c_2.dcm
20,3072.0,0.9861367812364894,0.004814168020979925,0.9751430533302815,0.9825093461509117,0.9855268177309835,0.9915617608911269,0.993820096131838,phMix402_c_2.dcm
21,11616.0,0.9826610207760201,0.0037390321107769226,0.9611047531853208,0.9807087815671015,0.9829709315632867,0.9849088273441673,0.9943389028763256,phMix402_c_2.dcm
22,16384.0,0.9815591218552109,0.0028119129361109836,0.96923781185626,0.9795529106584268,0.9817654688334477,0.9834897383077744,0.9906157015335317,phMix402_c_2.dcm
23,32400.0,0.9792548628713147,0.051748925315397244,0.0,0.9800869764248111,0.9819638361181048,0.983764400701915,0.9904478522926681,phMix402_c_2.dcm
24,32400.0,0.9855823195973878,0.0060387319083665195,0.9558403906309606,0.9806935225452048,0.9862973983367667,0.9907682917524987,0.9975738155184253,phMix402_c_2.dcm
25,65536.0,0.9808590746438867,0.05690367626203388,0.0,0.9804226749065384,0.9845273517967499,0.9885557335774777,0.9966430151827268,phMix402_c_2.dcm
26,131044.0,0.9542902491815604,0.1686933012787847,0.0,0.9799496452277409,0.9845883878843367,0.9891203173876555,0.9973601892118715,phMix402_c_2.dcm
27,6400.0,0.9818614242389563,0.003035328374343153,0.9720912489509422,0.9799191271839475,0.9814297703517204,0.9832455939574273,0.9944151979858091,phMix402_c_3.dcm
28,8228.0,0.9792673139919111,0.050814064772611474,0.0,0.9800106813153276,0.9816281376363775,0.9830930037384603,0.9937285420004578,phMix402_c_3.dcm
29,7168.0,0.9825911654180154,0.0030586580539273406,0.9751125352864881,0.980346379797055,0.9823300526436255,0.9845883878843367,0.99316395819028,phMix402_c_3.dcm
30,5808.0,0.983748448088114,0.0026873964274067752,0.9746242465857938,0.9820859082932784,0.983634699015793,0.985538261997406,0.9919737544823377,phMix402_c_3.dcm
31,16384.0,0.9819501613000806,0.0028395511216049414,0.9677119096665904,0.9799343862058442,0.9820859082932784,0.9839780270084687,0.9899748226138705,phMix402_c_3.dcm
32,32400.0,0.9768994821351704,0.07306287896354398,0.0,0.9804837109941252,0.9822995345998321,0.984115358205539,0.9906919966430152,phMix402_c_3.dcm
33,32400.0,0.9860230076850839,0.0059792961241961285,0.9570916304264897,0.9811245899137865,0.9868162050812543,0.9911345082780194,0.9975432974746319,phMix402_c_3.dcm
34,131072.0,0.9679041642386716,0.12540097011536183,0.0,0.9800259403372243,0.9847409781033036,0.9895017929350729,0.9973296711680781,phMix402_c_3.dcm
35,131044.0,0.9552678150588568,0.16670408895054903,0.0,0.9802090485999847,0.9848325322346838,0.9893339436942092,0.9974670023651484,phMix402_c_3.dcm
36,6144.0,0.9763408617135245,0.0707138013309467,0.0,0.9797207598992904,0.9809719996948195,0.9824254215304798,0.9941557946135653,phMix402_c_4.dcm
37,5808.0,0.9784014902978052,0.06044328123043213,0.0,0.9801327534905012,0.9817044327458609,0.983108262760357,0.9933775844968338,phMix402_c_4.dcm
38,8192.0,0.9745157980051213,0.08652618298639855,0.0,0.9802700846875715,0.9818875410086213,0.983962767986572,0.9924010070954452,phMix402_c_4.dcm
39,7744.0,0.9831148124748179,0.002673231337446876,0.975066758220798,0.9812314030670634,0.9830624856946669,0.9850156404974442,0.9924925612268254,phMix402_c_4.dcm
40,12288.0,0.9822114922290252,0.002952994489489284,0.966674296177615,0.9801632715342946,0.9826199740596627,0.9844052796215763,0.9896086060883498,phMix402_c_4.dcm
41,40500.0,0.9775770575896209,0.06536987488082302,0.0,0.9800564583810177,0.9818417639429312,0.9837338826581216,0.9899290455481804,phMix402_c_4.dcm
42,32400.0,0.9860558720389727,0.005913974629756809,0.9573815518425269,0.98124666208896,0.986831464103151,0.9911345082780194,0.9975585564965286,phMix402_c_4.dcm
43,131072.0,0.9679105973311017,0.1251932217445906,0.0,0.979995422293431,0.9846341649500268,0.9894560158693828,0.9972991531242847,phMix402_c_4.dcm
44,131044.0,0.9595689524964189,0.15350906552397656,0.0,0.9801022354467078,0.9847104600595102,0.9891203173876555,0.9973754482337682,phMix402_c_4.dcm
45,7168.0,0.9746047215092262,0.08007493727959288,0.0,0.9795834287022201,0.9809109636072327,0.9822995345998321,0.9927672236209659,phMix402_c_5.dcm
46,8228.0,0.9811518087597245,0.0027416375192277466,0.973159380483711,0.9795071335927367,0.9809414816510261,0.9824826428625925,0.9915159838254368,phMix402_c_5.dcm
47,8192.0,0.9740809941133555,0.08648133463095853,0.0,0.9798123140306706,0.9815976195925841,0.9834897383077744,0.9909208819714657,phMix402_c_5.dcm
48,11616.0,0.9823530094847642,0.002984195790017186,0.9683985656519417,0.9803311207751583,0.9825284199282825,0.9845273517967499,0.9914702067597467,phMix402_c_5.dcm
49,12288.0,0.9816530775937157,0.0030000124426597433,0.9653467612726024,0.9797360189211871,0.9820401312275883,0.9839169909208819,0.9885709925993744,phMix402_c_5.dcm
50,32400.0,0.9816331062376432,0.0025254525345905056,0.9744716563668269,0.9798580910963607,0.9815060654612039,0.9833524071107042,0.9894865339131762,phMix402_c_5.dcm
51,32400.0,0.9857539586329801,0.005852820712128111,0.9580682078278783,0.9809414816510261,0.9864194705119402,0.9908026245517663,0.9971618219272145,phMix402_c_5.dcm
52,131072.0,0.9673733727031746,0.12594683788647285,0.0,0.9796444647898069,0.9842526894026092,0.9891660944533456,0.9976195925841154,phMix402_c_5.dcm
53,131044.0,0.9627372278427095,0.14128960433684257,0.0,0.9796292057679102,0.9842679484245059,0.9885557335774777,0.9966582742046235,phMix402_c_5.dcm
54,9984.0,0.9775604742670289,0.055496767982726666,0.0,0.9790798809796292,0.9804531929503318,0.9818875410086213,0.9921416037232014,phMix402_c_6.dcm
55,9196.0,0.9811403218392545,0.0027740377409778737,0.9722896162355993,0.9794460975051499,0.9810940718699931,0.982757305256733,0.9908445868619822,phMix402_c_6.dcm
56,13312.0,0.9761343682049668,0.06789351062875555,0.0,0.9790035858701457,0.9805600061036087,0.9825131609063859,0.9894560158693828,phMix402_c_6.dcm
57,11616.0,0.982196056730353,0.0027891762502363555,0.9681391622796979,0.9805104142824445,0.9823605706874189,0.9840695811398489,0.9914396887159533,phMix402_c_6.dcm
58,24576.0,0.9809822717186746,0.0027273838445189516,0.9641718165865568,0.97949187457084,0.9811856260013733,0.9828336003662165,0.988189517051957,phMix402_c_6.dcm
59,32400.0,0.9811818282003678,0.0025348328684820527,0.973159380483711,0.9794460975051499,0.9810025177386129,0.9829098954757,0.9896849011978333,phMix402_c_6.dcm
60,64800.0,0.9687424967056526,0.11872663420103208,0.0,0.980041199359121,0.9856565194171054,0.9888303959716183,0.9966887922484169,phMix402_c_6.dcm
61,196608.0,0.9721570934527423,0.10617642898804636,0.0,0.9798580910963607,0.9847867551689937,0.989196612497139,0.9976653696498055,phMix402_c_6.dcm
62,9216.0,0.9781752441708416,0.040843431456975894,0.0,0.978637369344625,0.979995422293431,0.9812924391546501,0.986785687037461,phMix402_c_7.dcm
63,10164.0,0.9788511187562353,0.04569863491587115,0.0,0.9790188448920424,0.9806820782787823,0.9822232394903486,0.9918364232852674,phMix402_c_7.dcm
64,14336.0,0.97805007688265,0.04633692687669259,0.0,0.9783627069504844,0.980041199359121,0.982055390249485,0.9887235828183414,phMix402_c_7.dcm
65,11616.0,0.9814974559889665,0.002570274080485729,0.9739681086442359,0.9799191271839475,0.981551842526894,0.9831845578698405,0.9894865339131762,phMix402_c_7.dcm
66,28672.0,0.98165342476059,0.0036110537763077975,0.9628442816815442,0.9795223926146334,0.9814602883955138,0.9839475089646753,0.9935606927595941,phMix402_c_7.dcm
67,40500.0,0.976467368016525,0.06529330636869281,0.0,0.9790341039139391,0.9806515602349889,0.9825589379720759,0.9898527504386969,phMix402_c_7.dcm
68,64800.0,0.9667951299701318,0.12433711016870538,0.0,0.9795681696803235,0.9852292668039979,0.9883726253147174,0.9967956054016938,phMix402_c_7.dcm
69,196608.0,0.9721592818613543,0.1049416492707549,0.0,0.9796292057679102,0.9844663157091631,0.9889524681467918,0.9976958876935988,phMix402_c_7.dcm
70,5632.0,0.980248596885252,0.0022051247453064972,0.9731288624399176,0.9788509956511787,0.9801632715342946,0.9815213244831006,0.9879301136797132,phMix402_c_8.dcm
71,6776.0,0.9798712445714048,0.0022819967625610114,0.9734493018997482,0.9782711528191043,0.979690241855497,0.9814908064393072,0.9870145723659114,phMix402_c_8.dcm
72,14336.0,0.9779013801836395,0.04632629215014847,0.0,0.978133821622034,0.9800106813153276,0.9819180590524147,0.9884031433585108,phMix402_c_8.dcm
73,15488.0,0.9751431479109958,0.0737578857449692,0.0,0.978988326848249,0.9807431143663691,0.9823147936217288,0.9894712748912795,phMix402_c_8.dcm
74,16384.0,0.9807086074071227,0.0033671058649197487,0.9610284580758374,0.9792019531548027,0.9809109636072327,0.98295567254139,0.9895017929350729,phMix402_c_8.dcm
75,40500.0,0.9784914343198009,0.04626244920635422,0.0,0.9788662546730754,0.9806210421911955,0.9825436789501792,0.9896391241321432,phMix402_c_8.dcm
76,64800.0,0.9666363551377221,0.12379489789262807,0.0,0.9792629892423895,0.9849698634317541,0.9880674448767834,0.9967193102922103,phMix402_c_8.dcm
77,196608.0,0.9744597183366851,0.09369657505184306,0.0,0.9794155794613565,0.9841611352712291,0.9890745403219654,0.9977111467154955,phMix402_c_8.dcm
78,4352.0,0.9797841206034941,0.0018536128077695053,0.973006790264744,0.9786831464103151,0.9797055008773937,0.9809452964065003,0.9884184023804075,phMix402_c_9.dcm
79,5808.0,0.9799308998556278,0.002618615950074096,0.9717250324254215,0.9781490806439307,0.9798275730525673,0.981902800030518,0.988189517051957,phMix402_c_9.dcm
80,16384.0,0.9796822062817101,0.0023055435662144618,0.9688563363088426,0.9782711528191043,0.9796139467460135,0.9811093308918898,0.9877317463950561,phMix402_c_9.dcm
81,9680.0,0.9803102877965028,0.003085547084868461,0.9694666971847105,0.9780422674906538,0.9804684519722285,0.982406347753109,0.9911192492561227,phMix402_c_9.dcm
82,24576.0,0.9809552114179206,0.0030678994751458188,0.968535896849012,0.9788662546730754,0.9809109636072327,0.9830777447165636,0.9924467841611353,phMix402_c_9.dcm
83,48600.0,0.9806874839285764,0.002536356739594175,0.9731136034180209,0.9789272907606622,0.9806363012130922,0.982406347753109,0.9901731898985275,phMix402_c_9.dcm
84,64800.0,0.9682480215076855,0.11733291395088258,0.0,0.9793240253299763,0.9849088273441673,0.9880064087891967,0.9969176775768673,phMix402_c_9.dcm
85,196608.0,0.9752365803434193,0.09012910580767045,0.0,0.9794308384832532,0.9842221713588158,0.9892118715190357,0.9976958876935988,phMix402_c_9.dcm
86,8960.0,0.9781360917421443,0.058652352819591046,0.0,0.9795071335927367,0.9810940718699931,0.9828488593881132,0.9923399710078584,phMix403_c_0.dcm
87,12100.0,0.9780021904893418,0.05921618766870922,0.0,0.9791714351110093,0.9807583733882658,0.9825436789501792,0.9957427328908217,phMix403_c_0.dcm
88,13312.0,0.9829731323837527,0.004959114717945172,0.9654383154039826,0.9796597238117036,0.9820706492713817,0.9854734111543451,0.9962005035477226,phMix403_c_0.dcm
89,17424.0,0.979554865326521,0.04939323205976531,0.0,0.97949187457084,0.982101167315175,0.9845426108186466,0.990600442511635,phMix403_c_0.dcm
90,28672.0,0.9826786227319236,0.0028486767043436646,0.9740444037537194,0.9807736324101625,0.982604715037766,0.984771496147097,0.9906309605554284,phMix403_c_0.dcm
91,8100.0,0.9823190831023288,0.003042140317818764,0.9736934462500954,0.9799496452277409,0.9823300526436255,0.9847867551689937,0.9896543831540399,phMix403_c_0.dcm
92,98304.0,0.9844945900074172,0.004591669533639022,0.9493705653467612,0.9818570229648279,0.9847867551689937,0.9870756084534982,0.9975127794308385,phMix403_c_0.dcm
93,64800.0,0.980999779591906,0.07581973596953256,0.0,0.9848783093003739,0.987136644541085,0.9898069733730068,0.9968413824673839,phMix403_c_0.dcm
94,65536.0,0.9876871335003482,0.005552667028203525,0.9562371252002747,0.9845883878843367,0.9886472877088579,0.9919890135042344,0.9975127794308385,phMix403_c_0.dcm
95,9216.0,0.9811734499112009,0.002844703872749438,0.9696040283817807,0.9793545433737697,0.9808804455634393,0.9824216067750057,0.9920500495918212,phMix403_c_1.dcm
96,10164.0,0.9781430439923126,0.045616734969184405,0.0,0.9788052185854886,0.9802700846875715,0.9816433966582742,0.987838559548333,phMix403_c_1.dcm
97,19456.0,0.9824449917593753,0.004436440991574491,0.9665522240024415,0.9794308384832532,0.9813382162203402,0.9845311665522241,0.995880064087892,phMix403_c_1.dcm
98,15488.0,0.9820783684369655,0.0033596867978533903,0.9735561150530251,0.9795948729686427,0.9819790951400015,0.9846799420157168,0.9913786526283666,phMix403_c_1.dcm
99,28672.0,0.9827166601228282,0.0029655369034297776,0.9744716563668269,0.9807125963225757,0.9826504921034561,0.9848935683222706,0.9905394064240483,phMix403_c_1.dcm
100,81920.0,0.9849299873159382,0.004480319966208183,0.9521171892881666,0.9824826428625925,0.985076676585031,0.9874113069352255,0.997238117036698,phMix403_c_1.dcm
101,97200.0,0.9810331189848921,0.055678295284359546,0.0,0.9808804455634393,0.9856107423514153,0.9884031433585108,0.9966277561608301,phMix403_c_1.dcm
102,65536.0,0.9875948065922701,0.005685153153261746,0.9550011444266423,0.9845426108186466,0.9886472877088579,0.9919737544823377,0.9975432974746319,phMix403_c_1.dcm
103,11264.0,0.9797740648755522,0.03707136555891538,0.0,0.9793545433737697,0.9808651865415426,0.9824368657969024,0.9920042725261311,phMix403_c_2.dcm
104,7260.0,0.9745689841253626,0.07613324434598982,0.0,0.979186694132906,0.980544747081712,0.9817654688334477,0.9865720607309072,phMix403_c_2.dcm
105,19456.0,0.981042269153335,0.04007845519238998,0.0,0.979690241855497,0.9818112458991378,0.984924086366064,0.9958037689784085,phMix403_c_2.dcm
106,17424.0,0.9810361140343559,0.002775850320970584,0.9732967116807812,0.9792172121766994,0.9809719996948195,0.9825894560158693,0.9917753871976807,phMix403_c_2.dcm
107,28672.0,0.9833464061086497,0.003100751237719323,0.974563210498207,0.98124666208896,0.9834897383077744,0.9856565194171054,0.9919890135042344,phMix403_c_2.dcm
108,81920.0,0.9848248820480588,0.00444392793914956,0.9540856031128405,0.9823910887312123,0.9849698634317541,0.987335011825742,0.9972228580148013,phMix403_c_2.dcm
109,97200.0,0.9814949210377014,0.0530360778131582,0.0,0.9811093308918898,0.9858091096360724,0.9885099565117876,0.9967956054016938,phMix403_c_2.dcm
110,65536.0,0.9875677687212105,0.005603121811788808,0.9547417410543985,0.9845883878843367,0.9885557335774777,0.9919127183947509,0.9975585564965286,phMix403_c_2.dcm
111,8192.0,0.9806722936545118,0.002554910749263776,0.9719233997100786,0.9791714351110093,0.9805294880598153,0.9819180590524147,0.9916685740444038,phMix403_c_3.dcm
112,7260.0,0.9808265009276267,0.002248312837341554,0.9722896162355993,0.9794003204394598,0.980895704585336,0.9823910887312123,0.986633096818494,phMix403_c_3.dcm
113,16384.0,0.9825862624620313,0.0044458401832953584,0.9638666361486229,0.9799038681620508,0.9819333180743114,0.9848783093003739,0.9953459983215076,phMix403_c_3.dcm
114,15488.0,0.9812460315508652,0.002788944932523791,0.9736324101625086,0.9794155794613565,0.9811093308918898,0.9828030823224231,0.9911802853437095,phMix403_c_3.dcm
115,32768.0,0.9793358817129266,0.0614078233397556,0.0,0.9809719996948195,0.9831769283588921,0.9854772259098192,0.9915617608911269,phMix403_c_3.dcm
116,81920.0,0.9846592544179635,0.004401985446941237,0.9530327306019684,0.9821774624246585,0.9847867551689937,0.9872434576943618,0.997085526817731,phMix403_c_3.dcm
117,97200.0,0.9814315971957309,0.053967198416272844,0.0,0.9811398489356832,0.9858548867017625,0.9885709925993744,0.997238117036698,phMix403_c_3.dcm
118,65536.0,0.9874473249884068,0.005610195802435224,0.9537346456092165,0.98457312886244,0.9884184023804075,0.9917906462195774,0.9975738155184253,phMix403_c_3.dcm
119,6656.0,0.9737997229533837,0.08303423158386486,0.0,0.9796749828336003,0.980895704585336,0.9822842755779354,0.988342107270924,phMix403_c_4.dcm
120,9680.0,0.9817721572662895,0.0034285444888076614,0.9703364614328222,0.9798580910963607,0.9813839932860303,0.983020523384451,0.9949187457084001,phMix403_c_4.dcm
121,11264.0,0.9820316862042836,0.003308433445183546,0.9706111238269627,0.979842832074464,0.9816281376363775,0.9838712138551918,0.9916685740444038,phMix403_c_4.dcm
122,9680.0,0.9806315264633686,0.002270051078125101,0.9739070725566491,0.9790798809796292,0.9807888914320592,0.9821469443808651,0.9883878843366141,phMix403_c_4.dcm
123,20480.0,0.9798346601529717,0.05492460572284245,0.0,0.9811398489356832,0.9828793774319066,0.9846189059281301,0.9906919966430152,phMix403_c_4.dcm
124,8100.0,0.9827864631753648,0.0033557973809013944,0.974212252994583,0.9802243076218814,0.9827725642786297,0.9850156404974442,0.9918211642633707,phMix403_c_4.dcm
125,98304.0,0.9841221414417949,0.004300794350165219,0.9540703440909438,0.9814297703517204,0.9841763942931258,0.9868467231250477,0.9967956054016938,phMix403_c_4.dcm
126,64800.0,0.9831754792227696,0.06246855821705541,0.0,0.9854581521324484,0.9872892347600519,0.9897611963073167,0.997283894102388,phMix403_c_4.dcm
127,65536.0,0.9872977655721745,0.0055909236550708875,0.9530785076676584,0.9844663157091631,0.9882505531395438,0.9915922789349203,0.997589074540322,phMix403_c_4.dcm
128,8448.0,0.9792543464370183,0.04272172768156229,0.0,0.9797207598992904,0.9809262226291294,0.9824216067750057,0.9896238651102465,phMix403_c_5.dcm
129,6776.0,0.9824129548915749,0.004090025812346882,0.9727168688487068,0.9799801632715343,0.9814755474174105,0.9830014496070801,0.9944304570077058,phMix403_c_5.dcm
130,11264.0,0.9821918083978374,0.003299583650766423,0.9702754253452354,0.9800259403372243,0.9817959868772411,0.984115358205539,0.991805905241474,phMix403_c_5.dcm
131,7744.0,0.9807264858945476,0.002127571512781659,0.9743038071259632,0.9792935072861829,0.9808346684977493,0.9821316853589684,0.9875028610666057,phMix403_c_5.dcm
132,20480.0,0.9798544551575494,0.0549357364004761,0.0,0.9810025177386129,0.9830472266727702,0.9847562371252003,0.990249485008011,phMix403_c_5.dcm
133,8100.0,0.9799385061417563,0.0025605937531254855,0.9725490196078431,0.9781757839322499,0.9801327534905012,0.9816586556801709,0.9875638971541925,phMix403_c_5.dcm
134,81920.0,0.9845140843454357,0.004286428470347513,0.9546807049668117,0.9818112458991378,0.98457312886244,0.9872739757381552,0.9968871595330739,phMix403_c_5.dcm
135,97200.0,0.9815703393813691,0.05453247502108817,0.0,0.9813534752422369,0.9860532539864195,0.9887541008621348,0.9975738155184253,phMix403_c_5.dcm
136,65536.0,0.9873201132311814,0.0056336542376678395,0.9535667963683528,0.9845578698405433,0.9882963302052339,0.991607537956817,0.9975127794308385,phMix403_c_5.dcm
137,7168.0,0.9785807227803572,0.046350558044068395,0.0,0.9793240253299763,0.9806439307240405,0.9820401312275883,0.9898222323949035,phMix403_c_6.dcm
138,8228.0,0.9816723958470683,0.0036101095251718316,0.9725947966735332,0.9795834287022201,0.9810635538261997,0.9826504921034561,0.9942626077668422,phMix403_c_6.dcm
139,12288.0,0.9811607096379001,0.003055842017771327,0.9699092088197147,0.9793087663080796,0.9807736324101625,0.9824521248187991,0.9917753871976807,phMix403_c_6.dcm
140,11616.0,0.9806078035184447,0.0026377055415821573,0.9697566186007477,0.9791561760891127,0.9807354848554207,0.9823758297093156,0.9882047760738537,phMix403_c_6.dcm
141,28672.0,0.9820472338680123,0.0029990832284590035,0.9700465400167849,0.9798275730525673,0.982055390249485,0.9841611352712291,0.990951400015259,phMix403_c_6.dcm
142,8100.0,0.9797713237766644,0.0026387362556521384,0.973006790264744,0.9779201953154802,0.9799496452277409,0.981551842526894,0.9879301136797132,phMix403_c_6.dcm
143,81920.0,0.9843535274716041,0.0042596447198318095,0.9562981612878615,0.9815365835049973,0.984420538643473,0.987182421606775,0.9967650873579004,phMix403_c_6.dcm
144,97200.0,0.9819819087968888,0.051157082416330164,0.0,0.9814602883955138,0.9860532539864195,0.9887846189059282,0.997589074540322,phMix403_c_6.dcm
145,65536.0,0.9871659690767874,0.005659085474891622,0.9527885862516212,0.9845120927748532,0.9881437399862669,0.99140917067216,0.9972686350804914,phMix403_c_6.dcm
146,9216.0,0.9774053821431296,0.05773545910108656,0.0,0.9794728007934691,0.9807125963225757,0.9820744640268558,0.9880216678110934,phMix403_c_7.dcm
147,9196.0,0.9808687789493729,0.002270112536247296,0.9694514381628138,0.9794460975051499,0.980849927519646,0.9823910887312123,0.9888609140154117,phMix403_c_7.dcm
148,10240.0,0.9821080055623902,0.003542966397849322,0.9696803234912642,0.979842832074464,0.9814602883955138,0.9836881055924315,0.9935301747158007,phMix403_c_7.dcm
149,11616.0,0.9805205961590562,0.0023314290044452192,0.9704737926298924,0.9790951400015259,0.9805142290379186,0.9820706492713817,0.9885099565117876,phMix403_c_7.dcm
150,28672.0,0.9821610011800196,0.002967310067785068,0.9705195696955825,0.9800717174029144,0.9820706492713817,0.9842069123369191,0.9916685740444038,phMix403_c_7.dcm
151,81920.0,0.9840791485763809,0.004286300374568455,0.959487296864271,0.9811245899137865,0.9842221713588158,0.9869687953002213,0.9963988708323797,phMix403_c_7.dcm
152,97200.0,0.9817440930159834,0.052494941389650024,0.0,0.9814297703517204,0.9859616998550393,0.988693064774548,0.9976043335622187,phMix403_c_7.dcm
153,65536.0,0.9868982332671562,0.005772907620800741,0.9498588540474555,0.9843404287785152,0.9879453727016099,0.9911497672999161,0.9965972381170367,phMix403_c_7.dcm
154,7680.0,0.974338638625035,0.07730461041040507,0.0,0.9790493629358358,0.9802700846875715,0.9817654688334477,0.9877317463950561,phMix403_c_8.dcm
155,10648.0,0.9803106684122254,0.0020535233705031458,0.9727321278706035,0.9789730678263523,0.9801785305561913,0.9815060654612039,0.9884794384679942,phMix403_c_8.dcm
156,9216.0,0.9830081519205175,0.004228685292189084,0.9696650644693675,0.9799649042496376,0.9821927214465552,0.98632791638056,0.9927214465552758,phMix403_c_8.dcm
157,11616.0,0.9808647136379716,0.00289398442157401,0.9741664759288929,0.9787899595635919,0.9803768978408484,0.9827420462348363,0.9892118715190357,phMix403_c_8.dcm
158,28672.0,0.9818855452869376,0.003084006697389906,0.9724879835202563,0.9796444647898069,0.9818112458991378,0.9840085450522621,0.9920958266575113,phMix403_c_8.dcm
159,16200.0,0.9791876077903899,0.0029078249926050835,0.969039444571603,0.9773098344396124,0.9793545433737697,0.9811703669794766,0.98803692683299,phMix403_c_8.dcm
160,81920.0,0.9838321025531442,0.004358152807814846,0.9566643778133822,0.9807888914320592,0.9840390630960555,0.9867704280155642,0.996231021591516,phMix403_c_8.dcm
161,97200.0,0.9816801410737392,0.05304574604699394,0.0,0.9814755474174105,0.9858854047455559,0.9886778057526513,0.9976195925841154,phMix403_c_8.dcm
162,65536.0,0.9867025235520173,0.005835105940342695,0.9483176928358892,0.9842374303807125,0.9878080415045396,0.9909208819714657,0.9959563591973755,phMix403_c_8.dcm
163,7680.0,0.9788482617430888,0.04480411595712555,0.0,0.9792019531548027,0.9805905241474021,0.9822690165560387,0.9910124361028458,phMix403_c_9.dcm
164,11132.0,0.9807883595868835,0.0030859485190127428,0.9720302128633554,0.9790341039139391,0.9804379339284351,0.9819638361181048,0.9937590600442512,phMix403_c_9.dcm
165,12288.0,0.9790327317444083,0.050117770875774875,0.0,0.9795376516365301,0.9811856260013733,0.9830167086289768,0.9918669413290608,phMix403_c_9.dcm
166,5808.0,0.981528444309089,0.003057214260982215,0.9743190661478599,0.9791981383993286,0.9807431143663691,0.9842221713588158,0.9890287632562753,phMix403_c_9.dcm
167,24576.0,0.9817202189043783,0.00316980562701917,0.9731136034180209,0.97949187457084,0.9815671015487907,0.9837796597238117,0.9928282597085527,phMix403_c_9.dcm
168,8100.0,0.97925081216615,0.002805338772636895,0.9699549858854047,0.9777218280308232,0.9794613565270466,0.9811856260013733,0.9883115892271306,phMix403_c_9.dcm
169,81920.0,0.983605865760245,0.00440840687685782,0.9637293049515526,0.9804226749065384,0.9839322499427786,0.986633096818494,0.996078431372549,phMix403_c_9.dcm
170,97200.0,0.9817383388576645,0.051820890636869496,0.0,0.9814755474174105,0.9858091096360724,0.9886472877088579,0.9976195925841154,phMix403_c_9.dcm
171,65536.0,0.9865183137506737,0.0058426494171419305,0.9468070496681162,0.9840848401617456,0.9876554512855726,0.9906767376211185,0.9958037689784085,phMix403_c_9.dcm
172,7680.0,0.9765228821749192,0.0446608294633429,0.0,0.9774013885709926,0.9786678873884184,0.9798123140306706,0.9844815747310598,phMix404_c_0.dcm
173,11132.0,0.9790126286088675,0.002651635596552418,0.9686121919584955,0.9772945754177157,0.9789578088044556,0.9807278553444724,0.9879911497673,phMix404_c_0.dcm
174,10240.0,0.980894797090772,0.0040948558948093825,0.9698023956664378,0.9777676050965133,0.9802548256656748,0.9833218890669108,0.9912108033875029,phMix404_c_0.dcm
175,11616.0,0.9810361044011348,0.003488804158794455,0.9729304951552605,0.9785763332570382,0.9804989700160219,0.9830930037384603,0.9905394064240483,phMix404_c_0.dcm
176,24576.0,0.9792135284292666,0.002999532043502153,0.9586633096818494,0.9771725032425421,0.9792935072861829,0.9813687342641336,0.9887235828183414,phMix404_c_0.dcm
177,24300.0,0.9830591318495662,0.00485153930655314,0.966124971389334,0.9802090485999847,0.9837949187457083,0.9860227359426261,0.9933012893873503,phMix404_c_0.dcm
178,49152.0,0.9824938157995647,0.00534964470823452,0.9474326695658808,0.9792324711985961,0.9821622034027618,0.9863126573586634,0.9938353551537347,phMix404_c_0.dcm
179,131072.0,0.9863324688711855,0.005391889256015668,0.940840772106508,0.9832761120012207,0.9872129396505684,0.9902342259861143,0.9977264057373922,phMix404_c_0.dcm
180,4864.0,0.9787113398374915,0.00199838456371083,0.9726863508049134,0.9774471656366827,0.978637369344625,0.9798886091401541,0.9852292668039979,phMix404_c_1.dcm
181,11132.0,0.9788756058271699,0.0028224895034539865,0.9687647821774624,0.9770046540016785,0.9788052185854886,0.9805905241474021,0.9893339436942092,phMix404_c_1.dcm
182,13312.0,0.980634835145709,0.003863692207706442,0.9706569008926528,0.9778133821622034,0.979995422293431,0.9825131609063859,0.991805905241474,phMix404_c_1.dcm
183,19360.0,0.980602465750747,0.003465938834049463,0.9722590981918059,0.9781185626001373,0.9800259403372243,0.9826504921034561,0.9905851834897383,phMix404_c_1.dcm
184,24576.0,0.9801556531993878,0.0033130094971024018,0.966674296177615,0.9778591592278935,0.9802700846875715,0.982604715037766,0.9886167696650645,phMix404_c_1.dcm
185,32400.0,0.9833028713334784,0.004021760092643114,0.970092317082475,0.9809414816510261,0.9836499580376897,0.9857328145265889,0.9935759517814908,phMix404_c_1.dcm
186,65536.0,0.9813188481405453,0.005533669471128414,0.9504844739452201,0.9776455329213397,0.9810788128480964,0.9850003814755475,0.9944762340733959,phMix404_c_1.dcm
187,131072.0,0.98654143732964,0.005381063939384986,0.9413595788509956,0.983459220263981,0.9874265659571222,0.9904173342488747,0.9977264057373922,phMix404_c_1.dcm
188,5120.0,0.9724281455043104,0.07715027397052025,0.0,0.977279316395819,0.9784542610818646,0.9796444647898069,0.984313725490196,phMix404_c_2.dcm
189,12100.0,0.9753397143788537,0.05899434326908733,0.0,0.9769436179140917,0.9788967727168688,0.9807888914320592,0.9881589990081636,phMix404_c_2.dcm
190,9216.0,0.9806714651787003,0.0038930346148161343,0.968184939345388,0.9779507133592736,0.9802090485999847,0.9826504921034561,0.9919279774166476,phMix404_c_2.dcm
191,23232.0,0.9803877831615223,0.0035952841507728168,0.9713740749217975,0.9777218280308232,0.9798123140306706,0.9826810101472495,0.9907225146868086,phMix404_c_2.dcm
192,20480.0,0.97921635087644,0.0032678675691606633,0.9665827420462348,0.9769130998702983,0.9792935072861829,0.9816739147020676,0.988540474555581,phMix404_c_2.dcm
193,32400.0,0.9828372884341324,0.004166437788310698,0.9672236209658961,0.9799343862058442,0.9830014496070801,0.9856107423514153,0.993469138628214,phMix404_c_2.dcm
194,65536.0,0.9812783599036268,0.0055998655264370605,0.9471122301060502,0.9776455329213397,0.9810635538261997,0.9849546044098574,0.9946288242923629,phMix404_c_2.dcm
195,131072.0,0.9865304410362113,0.005390460712512518,0.9451132982375829,0.9834439612420843,0.9874265659571222,0.9904173342488747,0.9977416647592889,phMix404_c_2.dcm
196,5888.0,0.9735000987897273,0.07199956950818202,0.0,0.9774013885709926,0.9788509956511787,0.9802090485999847,0.9848172732127871,phMix404_c_3.dcm
197,12100.0,0.9759890412479105,0.05902488246554982,0.0,0.9777676050965133,0.9795071335927367,0.9813229571984435,0.9880827038986801,phMix404_c_3.dcm
198,11264.0,0.9799151850893346,0.0031381289785740356,0.9727473868925002,0.9776760509651331,0.9795223926146334,0.9815671015487907,0.9914396887159533,phMix404_c_3.dcm
199,21296.0,0.9813257795729389,0.004703980852423081,0.9669489585717556,0.9780270084687571,0.9803921568627451,0.9839322499427786,0.9940489814602884,phMix404_c_3.dcm
200,24576.0,0.9775117612934644,0.05005564726265571,0.0,0.9775387197680628,0.9801022354467078,0.9825741969939726,0.9883726253147174,phMix404_c_3.dcm
201,32400.0,0.9819294519844735,0.004704273936005694,0.9624322880903334,0.9785305561913481,0.9814755474174105,0.9851682307164111,0.9937285420004578,phMix404_c_3.dcm
202,49152.0,0.982946712150175,0.005061747612099341,0.9593499656672008,0.9794155794613565,0.9826504921034561,0.9866788738841841,0.9947814145113298,phMix404_c_3.dcm
203,131072.0,0.9866069589680208,0.005390815414790448,0.9451132982375829,0.9835049973296711,0.9875028610666057,0.9905241474021516,0.9977416647592889,phMix404_c_3.dcm
204,3584.0,0.9794439687353541,0.0030867828090353037,0.9721828030823224,0.9775692378118562,0.9789578088044556,0.9805790798809796,0.9905241474021516,phMix404_c_4.dcm
205,10648.0,0.9795779014626019,0.002756018289993966,0.9701686121919585,0.9779201953154802,0.9794766155489433,0.9811245899137865,0.988342107270924,phMix404_c_4.dcm
206,10240.0,0.9808056972180896,0.0040204331242409555,0.9710688944838636,0.9779964904249637,0.9799649042496376,0.9825284199282825,0.9922178988326849,phMix404_c_4.dcm
207,15488.0,0.9814983098426366,0.0037358498984749913,0.9668574044403754,0.9790188448920424,0.9815823605706874,0.983810177767605,0.9912870984969864,phMix404_c_4.dcm
208,24576.0,0.9796905721696104,0.0031774711245477756,0.97094682230869,0.9772335393301289,0.9797207598992904,0.9821164263370717,0.9877317463950561,phMix404_c_4.dcm
209,32400.0,0.9821313147154428,0.004657393746869739,0.9666590371557183,0.9787594415197985,0.981879911497673,0.9852292668039979,0.9938353551537347,phMix404_c_4.dcm
210,65536.0,0.9824467018775302,0.004864230742912285,0.9613946746013581,0.9788204776073853,0.9823147936217288,0.9857022964827955,0.9946898603799497,phMix404_c_4.dcm
211,131072.0,0.9866314956177251,0.0053904550145119695,0.9465323872739757,0.9835049973296711,0.9875333791103991,0.9905851834897383,0.9977416647592889,phMix404_c_4.dcm
212,5376.0,0.9799990724240408,0.003005062220617812,0.972854200045777,0.9781948577096208,0.9794766155489433,0.9808690012970168,0.9905851834897383,phMix404_c_5.dcm
213,9680.0,0.978424212788952,0.04684326754100498,0.0,0.9782711528191043,0.9800869764248111,0.9826199740596627,0.9924162661173419,phMix404_c_5.dcm
214,15360.0,0.981432037349635,0.003934823840637839,0.9696040283817807,0.9787136644541085,0.9808041504539559,0.9834782940413519,0.9922941939421683,phMix404_c_5.dcm
215,13552.0,0.9801739298800203,0.05612349291509311,0.0,0.9802853437094682,0.9823300526436255,0.9861448081177997,0.9945830472266728,phMix404_c_5.dcm
216,24576.0,0.9808509687541723,0.003584339351833125,0.9719691767757687,0.9780880445563439,0.9807431143663691,0.9835507743953612,0.9899900816357672,phMix404_c_5.dcm
217,16200.0,0.9810511262005883,0.0034372336633582976,0.9640192263675899,0.9787441824979018,0.9811245899137865,0.9833371480888075,0.9907072556649119,phMix404_c_5.dcm
218,81920.0,0.9815824676744176,0.005323036010797178,0.9473411154345006,0.9778591592278935,0.9815671015487907,0.9850614175631343,0.9946288242923629,phMix404_c_5.dcm
219,131072.0,0.9866894465357923,0.005439314869609811,0.9478141451132982,0.9835049973296711,0.9875944151979859,0.9906767376211185,0.9977416647592889,phMix404_c_5.dcm
220,5632.0,0.9777818399866137,0.05230427229734877,0.0,0.9783932249942778,0.9798275730525673,0.9816739147020676,0.9910582131685359,phMix404_c_6.dcm
221,9196.0,0.9800698639527775,0.0026087088113910997,0.9713588158999008,0.9782978561074235,0.9801480125123979,0.9816891737239642,0.9877470054169528,phMix404_c_6.dcm
222,10240.0,0.9818015540360111,0.004259892426405052,0.9689173723964294,0.9787594415197985,0.980697337300679,0.9839818417639429,0.9925230792706188,phMix404_c_6.dcm
223,13552.0,0.9819657153468198,0.0036563836293865303,0.9645838101777676,0.9797055008773937,0.9815976195925841,0.9841458762493324,0.9916380560006104,phMix404_c_6.dcm
224,28672.0,0.9809779538639386,0.0034529856394122406,0.9698786907759213,0.9785915922789349,0.9809567406729228,0.9833829251544975,0.9899900816357672,phMix404_c_6.dcm
225,24300.0,0.9805517360905067,0.003531308599865266,0.9647364003967346,0.9779964904249637,0.9808346684977493,0.9829251544975967,0.9910429541466392,phMix404_c_6.dcm
226,65536.0,0.9827272233113895,0.005475814093185552,0.946868085755703,0.9790646219577325,0.9830472266727702,0.9861753261615931,0.9944914930952926,phMix404_c_6.dcm
227,131072.0,0.9868029210754289,0.005483943461939442,0.9479056992446784,0.9835202563515678,0.9877012283512627,0.9908293278400855,0.9977264057373922,phMix404_c_6.dcm
228,4352.0,0.9806300882106105,0.0029831606546260473,0.972457465476463,0.9787594415197985,0.9801861600671397,0.9818875410086213,0.9909361409933624,phMix404_c_7.dcm
229,11616.0,0.9801379777613417,0.0024140993784087525,0.9707179369802396,0.9785000381475547,0.9803006027313649,0.9817349507896543,0.9877927824826429,phMix404_c_7.dcm
230,9216.0,0.9826535253638853,0.0036357714639258234,0.9704280155642023,0.979995422293431,0.9825589379720759,0.9849698634317541,0.9925078202487221,phMix404_c_7.dcm
231,25168.0,0.9812507630117235,0.0031660259564988405,0.9706874189364462,0.9792477302204928,0.9811245899137865,0.98295567254139,0.9915007248035401,phMix404_c_7.dcm
232,16384.0,0.9808099592014883,0.0036218404657385184,0.9721828030823224,0.9780575265125505,0.9806515602349889,0.9834287022201876,0.98974593728542,phMix404_c_7.dcm
233,32400.0,0.9812104473436586,0.0035285555525099116,0.9579003585870146,0.9786221103227283,0.9816128786144808,0.983810177767605,0.9911497672999161,phMix404_c_7.dcm
234,32768.0,0.9859354850528641,0.004054897154977091,0.9682917524986648,0.9831998168917372,0.9859006637674526,0.9888151369497216,0.9942931258106356,phMix404_c_7.dcm
235,131072.0,0.9866359910639725,0.005480179810515731,0.9495689326314183,0.9832913710231174,0.9875028610666057,0.9906919966430152,0.9977416647592889,phMix404_c_7.dcm
236,4352.0,0.9764668541226288,0.05936857918304988,0.0,0.9784695201037613,0.9797970550087739,0.9815213244831006,0.98628213931487,phMix404_c_8.dcm
237,13552.0,0.9799499233400792,0.0029319216720544777,0.97094682230869,0.9780575265125505,0.9797665369649805,0.9814908064393072,0.9911497672999161,phMix404_c_8.dcm
238,9216.0,0.9807203947159279,0.003019849814561876,0.9707637140459296,0.978637369344625,0.980544747081712,0.9825436789501792,0.9907988097962921,phMix404_c_8.dcm
239,23232.0,0.9821904790954553,0.00421152600800328,0.9711604486152438,0.9795376516365301,0.9814297703517204,0.9838712138551918,0.9938048371099413,phMix404_c_8.dcm
240,24576.0,0.9800553333261806,0.0035375123176561466,0.9711146715495537,0.9774013885709926,0.9799649042496376,0.9824826428625925,0.9892729076066225,phMix404_c_8.dcm
241,24300.0,0.9815664535113175,0.003518216853166167,0.9722438391699092,0.9788662546730754,0.982101167315175,0.9842832074464026,0.9907225146868086,phMix404_c_8.dcm
242,49152.0,0.9833221793335424,0.00584158606066794,0.9490501258869306,0.9797474631876096,0.983764400701915,0.9873960479133288,0.9940032043945983,phMix404_c_8.dcm
243,131072.0,0.9864277629018458,0.00552738514038097,0.9534447241931793,0.98295567254139,0.9872892347600519,0.990554665445945,0.9977569237811856,phMix404_c_8.dcm
244,5376.0,0.9794341508490556,0.0023062853308661794,0.9700160219729915,0.9779049362935835,0.9791714351110093,0.9805752651255054,0.9865415426871138,phMix404_c_9.dcm
245,16456.0,0.9803069312938616,0.0032940221188091845,0.9693141069657435,0.9781948577096208,0.9798886091401541,0.982101167315175,0.9919737544823377,phMix404_c_9.dcm
246,11264.0,0.9811720562550719,0.004024646331857144,0.9682764934767681,0.978286411841001,0.9805294880598153,0.9832455939574273,0.9926909285114824,phMix404_c_9.dcm
247,27104.0,0.9818134843093749,0.004246102577645078,0.9671015487907225,0.9792477302204928,0.9811245899137865,0.9833676661326008,0.9952849622339208,phMix404_c_9.dcm
248,20480.0,0.9801606265378233,0.003692941091433394,0.9708094911116197,0.9773403524834058,0.9801098649576562,0.9828183413443198,0.9895017929350729,phMix404_c_9.dcm
249,16200.0,0.9828307614346118,0.003138164797098105,0.9735408560311284,0.981048294804303,0.9831540398260471,0.9852140077821012,0.9907835507743954,phMix404_c_9.dcm
250,32768.0,0.9811134948986586,0.004979360538022878,0.9496147096971084,0.9780422674906538,0.9819409475852597,0.9846189059281301,0.9913023575188831,phMix404_c_9.dcm
251,131072.0,0.9863623559343065,0.005572303491054478,0.9565117875944152,0.9828336003662165,0.987182421606775,0.9905394064240483,0.9977569237811856,phMix404_c_9.dcm
252,8192.0,0.9750745497843472,0.061148613910954025,0.0,0.9768062867170214,0.9786068513008316,0.980697337300679,0.9881437399862669,phMix405_c_0.dcm
253,7260.0,0.9793940234656853,0.004062190635816843,0.9665217059586481,0.9769741359578851,0.979316395819028,0.9817959868772411,0.9911192492561227,phMix405_c_0.dcm
254,6144.0,0.9752556358045,0.0706677175991756,0.0,0.9782406347753109,0.9803311207751583,0.9825894560158693,0.9881437399862669,phMix405_c_0.dcm
255,5808.0,0.9780211943820736,0.0027032790315950728,0.9671168078126192,0.9762111848630503,0.9785000381475547,0.9799496452277409,0.9859159227893493,phMix405_c_0.dcm
256,8192.0,0.9798503311982624,0.001836844993931845,0.9743038071259632,0.9785763332570382,0.9798733501182574,0.9812161440451667,0.9848172732127871,phMix405_c_0.dcm
257,32400.0,0.9824268678408578,0.0031116861214861556,0.9721675440604257,0.9800106813153276,0.9830167086289768,0.9848935683222706,0.9902342259861143,phMix405_c_0.dcm
258,32768.0,0.972251360180122,0.07509099386137136,0.0,0.9771114671549553,0.9791103990234226,0.98124666208896,0.9879453727016099,phMix405_c_0.dcm
259,32400.0,0.9794268344028778,0.005447817999475132,0.9624170290684367,0.9753566796368353,0.9782253757534142,0.983611810482948,0.9927367055771725,phMix405_c_0.dcm
260,131044.0,0.9841225312639534,0.006582768894123315,0.9571221484702831,0.9794460975051499,0.9837033646143282,0.9891355764095522,0.9976958876935988,phMix405_c_0.dcm
261,6400.0,0.9766911955443655,0.04898827775535126,0.0,0.9774013885709926,0.9787747005416952,0.9803311207751583,0.9879301136797132,phMix405_c_1.dcm
262,7744.0,0.9785642584525207,0.004043471973699626,0.9659571221484703,0.9761654077973602,0.9782101167315175,0.9807736324101625,0.9909971770809491,phMix405_c_1.dcm
263,5120.0,0.9811562553644997,0.0030599457251212527,0.9705500877393759,0.9790035858701457,0.9810635538261997,0.983611810482948,0.9880064087891967,phMix405_c_1.dcm
264,11616.0,0.9793891402108645,0.003230961401442855,0.9672999160753796,0.9774166475928893,0.9797665369649805,0.9816739147020676,0.9889219501029984,phMix405_c_1.dcm
265,8192.0,0.9798559285323443,0.0018346087968422397,0.9744869153887236,0.978637369344625,0.9799496452277409,0.98124666208896,0.9851682307164111,phMix405_c_1.dcm
266,32400.0,0.9822865696117522,0.0030856166049459187,0.9729152361333638,0.9797970550087739,0.9828488593881132,0.9847562371252003,0.9903105210955978,phMix405_c_1.dcm
267,49152.0,0.9782997833536787,0.056922990434114265,0.0,0.9780575265125505,0.9809109636072327,0.9862058442053865,0.9972533760585947,phMix405_c_1.dcm
268,32400.0,0.979548205793342,0.0054588582268364876,0.9619592584115358,0.9754482337682154,0.9783779659723811,0.9837033646143282,0.9929503318837263,phMix405_c_1.dcm
269,131044.0,0.9839470166480139,0.01151298253684226,0.0,0.9792935072861829,0.9836270695048447,0.9890135042343786,0.9977111467154955,phMix405_c_1.dcm
270,8960.0,0.9740198598894811,0.07155338642858428,0.0,0.9773403524834058,0.9788052185854886,0.9810940718699931,0.986785687037461,phMix405_c_2.dcm
271,9196.0,0.9787649686839938,0.0031841806128988397,0.9659571221484703,0.976928358892195,0.9785915922789349,0.9807125963225757,0.991103990234226,phMix405_c_2.dcm
272,5120.0,0.9800110627908751,0.004187808076380378,0.9640955214770733,0.9775043869687953,0.9800640878919661,0.9835049973296711,0.9878843366140231,phMix405_c_2.dcm
273,11616.0,0.9793903737010126,0.002911513029796819,0.9708705271992065,0.9773708705271992,0.9796368352788586,0.9814145113298237,0.9884184023804075,phMix405_c_2.dcm
274,8192.0,0.9799402107861018,0.0018199050055497307,0.974868390936141,0.9787441824979018,0.9800717174029144,0.9813382162203402,0.9848172732127871,phMix405_c_2.dcm
275,32400.0,0.982322392520442,0.0030942971204860844,0.968184939345388,0.9797932402532997,0.9830167086289768,0.984771496147097,0.9895323109788663,phMix405_c_2.dcm
276,49152.0,0.9794875969409832,0.04697538638606661,0.0,0.9781490806439307,0.9809414816510261,0.9862973983367667,0.9974822613870451,phMix405_c_2.dcm
277,32400.0,0.9797951716498676,0.0054498101976648925,0.9618982223239491,0.9756008239871824,0.9786678873884184,0.9838712138551918,0.993469138628214,phMix405_c_2.dcm
278,131044.0,0.9837850253699232,0.018234498622030887,0.0,0.9792935072861829,0.9836881055924315,0.9890287632562753,0.9977111467154955,phMix405_c_2.dcm
279,2560.0,0.9813574032482641,0.0026985785845102853,0.9697108415350576,0.9797207598992904,0.9814908064393072,0.9833371480888075,0.9879606317235066,phMix405_c_3.dcm
280,4840.0,0.9817092532095963,0.0030648156173152977,0.9733272297245746,0.9796864271000228,0.9813687342641336,0.9835355153734645,0.9912260624093996,phMix405_c_3.dcm
281,6144.0,0.9820019687714581,0.002718274304478567,0.9731288624399176,0.979995422293431,0.9817044327458609,0.9842679484245059,0.9879301136797132,phMix405_c_3.dcm
282,5808.0,0.9812231719176828,0.0015751883355281848,0.9766689555199511,0.9801785305561913,0.9813076981765468,0.9824101625085832,0.9865720607309072,phMix405_c_3.dcm
283,48600.0,0.9819267391124838,0.002810995607228463,0.9654077973601892,0.979995422293431,0.9819180590524147,0.9841000991836423,0.989196612497139,phMix405_c_3.dcm
284,16384.0,0.9887035758415113,0.004433478241328504,0.9766384374761578,0.9863431754024568,0.9883268482490273,0.9919890135042344,0.9974822613870451,phMix405_c_3.dcm
285,32400.0,0.9799905756701489,0.00544734476228301,0.9619745174334325,0.9757381551842527,0.9788662546730754,0.9840085450522621,0.9944762340733959,phMix405_c_3.dcm
286,131044.0,0.9827900160193181,0.03626638912680665,0.0,0.9792629892423895,0.9837338826581216,0.9890592813000687,0.9976958876935988,phMix405_c_3.dcm
287,4608.0,0.9685566726960997,0.09941726835456145,0.0,0.977126726176852,0.9782711528191043,0.9795529106584268,0.9868162050812543,phMix405_c_4.dcm
288,10648.0,0.9772782530793045,0.04458159686649609,0.0,0.9774166475928893,0.9791714351110093,0.9812314030670634,0.9905851834897383,phMix405_c_4.dcm
289,9216.0,0.9764552315265167,0.057814559189915085,0.0,0.9769398031586175,0.9796292057679102,0.9832761120012207,0.9907988097962921,phMix405_c_4.dcm
290,7744.0,0.9798611393539632,0.0027045594399863516,0.9683222705424582,0.9786182955672541,0.9802548256656748,0.9816128786144808,0.9870756084534982,phMix405_c_4.dcm
291,32400.0,0.9821402153405918,0.0031201434302147433,0.9672541390096895,0.9796749828336003,0.9828793774319066,0.9845578698405433,0.9893186846723125,phMix405_c_4.dcm
292,49152.0,0.9812259854809811,0.02444924975815838,0.0,0.9782063019760433,0.9808346684977493,0.9862516212710766,0.9973907072556649,phMix405_c_4.dcm
293,32400.0,0.9800992312090326,0.005418138681081158,0.963912413214313,0.9758602273594262,0.9789730678263523,0.9839932860303654,0.9952849622339208,phMix405_c_4.dcm
294,131044.0,0.9825266115844435,0.038628860879725876,0.0,0.9791714351110093,0.9837033646143282,0.9889372091248951,0.9977111467154955,phMix405_c_4.dcm
295,5120.0,0.9810446082007704,0.002865343037337888,0.9689326314183261,0.9795071335927367,0.9811245899137865,0.98295567254139,0.9871671625848784,phMix405_c_5.dcm
296,4356.0,0.9767497204439295,0.06965561265987925,0.0,0.9799038681620508,0.9815365835049973,0.9832761120012207,0.9907377737087053,phMix405_c_5.dcm
297,10240.0,0.9791058600604637,0.054883524196209045,0.0,0.9802395666437781,0.9818265049210345,0.9839169909208819,0.9903257801174945,phMix405_c_5.dcm
298,5808.0,0.9810922406822757,0.0014787198642669855,0.9761959258411536,0.9801480125123979,0.9811551079575799,0.9821164263370717,0.9860532539864195,phMix405_c_5.dcm
299,12288.0,0.9807764214533901,0.001614162077635922,0.9753261615930419,0.9797665369649805,0.9808041504539559,0.9818265049210345,0.9879301136797132,phMix405_c_5.dcm
300,24300.0,0.9825503288695985,0.0025719775818749744,0.9670557717250324,0.9809262226291294,0.9831692988479438,0.9843938353551538,0.988891432059205,phMix405_c_5.dcm
301,16384.0,0.9886259712725071,0.004548139691316376,0.9757381551842527,0.9863126573586634,0.9882810711833372,0.9919737544823377,0.997436484321355,phMix405_c_5.dcm
302,32400.0,0.9801738859736622,0.005425182399512329,0.9639276722362097,0.975921263447013,0.9790646219577325,0.983962767986572,0.9953917753871977,phMix405_c_5.dcm
303,131044.0,0.9825799502754116,0.03697213334551811,0.0,0.9791103990234226,0.9836728465705348,0.988845654993515,0.9977264057373922,phMix405_c_5.dcm
304,4864.0,0.9810164560269121,0.0028067018072687093,0.9697261005569543,0.9793354695963988,0.9810025177386129,0.9830319676508735,0.9877012283512627,phMix405_c_6.dcm
305,5808.0,0.9814736321579473,0.0026145890156045164,0.9726253147173266,0.9798275730525673,0.9812161440451667,0.9829861905851834,0.990249485008011,phMix405_c_6.dcm
306,6144.0,0.9787347375011125,0.07092393861045404,0.0,0.9809872587167162,0.9836728465705348,0.9859616998550393,0.9940032043945983,phMix405_c_6.dcm
307,5808.0,0.9809800916003708,0.0015595940690089833,0.9757381551842527,0.9799649042496376,0.9810635538261997,0.9821316853589684,0.985626001373312,phMix405_c_6.dcm
308,12288.0,0.9806470910602,0.0016299154774062168,0.9751277943083848,0.9795681696803235,0.9806363012130922,0.9817349507896543,0.9876249332417792,phMix405_c_6.dcm
309,24300.0,0.9823642378762205,0.0025199190156548834,0.9677576867322805,0.9806668192568856,0.9828946364538033,0.9841916533150225,0.9892118715190357,phMix405_c_6.dcm
310,16384.0,0.9885234720712215,0.004627923545238456,0.9752040894178683,0.9862211032272832,0.9882047760738537,0.991958495460441,0.997436484321355,phMix405_c_6.dcm
311,32400.0,0.9802286230051419,0.005434981717857099,0.9637293049515526,0.9759822995345998,0.9792324711985961,0.9839322499427786,0.9954375524528878,phMix405_c_6.dcm
312,131044.0,0.9832264256291745,0.025668684906815353,0.0,0.9791103990234226,0.9835812924391546,0.9887388418402381,0.9977264057373922,phMix405_c_6.dcm
313,3328.0,0.9770230537777815,0.06794692350365425,0.0,0.9807888914320592,0.9817807278553444,0.98295567254139,0.9886778057526513,phMix405_c_7.dcm
314,4840.0,0.981635694635445,0.002077958894131837,0.9737544823376821,0.9804379339284351,0.9816433966582742,0.9827725642786297,0.9883878843366141,phMix405_c_7.dcm
315,9216.0,0.9799814812165679,0.057932469127023906,0.0,0.9813382162203402,0.9827115281910429,0.9844357976653697,0.9938811322194248,phMix405_c_7.dcm
316,1936.0,0.9810684720233399,0.0026159389694927994,0.9698329137102312,0.9799801632715343,0.9816433966582742,0.9827420462348363,0.986129549095903,phMix405_c_7.dcm
317,4096.0,0.9814978287186712,0.0018403752415325817,0.9768062867170214,0.9802548256656748,0.981399252307927,0.9827306019684138,0.9872587167162585,phMix405_c_7.dcm
318,16200.0,0.9831944272544969,0.0019064350786556392,0.9744716563668269,0.9822232394903486,0.9834287022201876,0.9844815747310598,0.9892271305409324,phMix405_c_7.dcm
319,32768.0,0.9860471690975303,0.0052908155028310025,0.9715419241626612,0.9819485770962081,0.9866636148622874,0.98970016021973,0.9975127794308385,phMix405_c_7.dcm
320,131044.0,0.9830476230412459,0.02761406369038513,0.0,0.9790493629358358,0.9835355153734645,0.9886472877088579,0.9977264057373922,phMix405_c_7.dcm
321,3072.0,0.9761310302939269,0.07067765142376992,0.0,0.9802395666437781,0.9813687342641336,0.9825436789501792,0.988540474555581,phMix405_c_8.dcm
322,7260.0,0.9756155617642539,0.07621492000579785,0.0,0.9803311207751583,0.9814908064393072,0.9826962691691462,0.9885099565117876,phMix405_c_8.dcm
323,7168.0,0.9739672720377062,0.09248237151718747,0.0,0.9810177767605096,0.9821927214465552,0.983764400701915,0.9916685740444038,phMix405_c_8.dcm
324,4096.0,0.9817255144853418,0.0019691556370909236,0.9770199130235752,0.9802700846875715,0.9815823605706874,0.9833066300450141,0.9868619821469444,phMix405_c_8.dcm
325,16200.0,0.982967125285047,0.0019627063574234023,0.9736476691844053,0.9819943541618982,0.9832150759136339,0.9842984664682993,0.9892881666285191,phMix405_c_8.dcm
326,16384.0,0.9882738784693412,0.004762565214461552,0.9751888303959716,0.985976958876936,0.9880521858548867,0.991805905241474,0.9974822613870451,phMix405_c_8.dcm
327,32400.0,0.9802477146788965,0.005432394545532668,0.9631799801632716,0.9759822995345998,0.979362172884718,0.9839017318989852,0.996078431372549,phMix405_c_8.dcm
328,131044.0,0.9813795420587323,0.047362502983440184,0.0,0.978835736629282,0.983459220263981,0.9885099565117876,0.9977264057373922,phMix405_c_8.dcm
329,2816.0,0.9763764222968988,0.07387036585636894,0.0,0.980346379797055,0.9820019836728465,0.983764400701915,0.9894712748912795,phMix405_c_9.dcm
330,8228.0,0.9793825466832787,0.05077957891083135,0.0,0.9804226749065384,0.9817807278553444,0.9834287022201876,0.9895628290226597,phMix405_c_9.dcm
331,5120.0,0.9824968826295108,0.002627787376954142,0.9758907454032196,0.9807583733882658,0.981750209811551,0.9831845578698405,0.9917296101319906,phMix405_c_9.dcm
332,4096.0,0.9821013461318379,0.002064683621631741,0.9775997558556496,0.9804379339284351,0.981902800030518,0.9838559548332951,0.9875638971541925,phMix405_c_9.dcm
333,16200.0,0.9827494148353486,0.001979864137883689,0.9733272297245746,0.9817349507896543,0.9830319676508735,0.984115358205539,0.9888151369497216,phMix405_c_9.dcm
334,16384.0,0.9881678820984254,0.00484178717845558,0.974517433432517,0.9858854047455559,0.9879606317235066,0.9917296101319906,0.9974822613870451,phMix405_c_9.dcm
335,32400.0,0.9802821873525315,0.0054283359505615785,0.9633783474479286,0.9760128175783932,0.9793850614175631,0.983962767986572,0.9961547264820325,phMix405_c_9.dcm
336,131044.0,0.9810660640822516,0.04963654309887185,0.0,0.9787899595635919,0.9834134431982909,0.9884184023804075,0.9977264057373922,phMix405_c_9.dcm
337,6912.0,0.9827742818016383,0.003905951310796223,0.9705806057831693,0.979690241855497,0.9820859082932784,0.9865568017090105,0.9914702067597467,phMix406_c_0.dcm
338,12584.0,0.9786684281960921,0.05808832836842472,0.0,0.9792591744869154,0.9821316853589684,0.9847142748149844,0.9896849011978333,phMix406_c_0.dcm
339,17408.0,0.9815108759800556,0.0038707006441391955,0.966475928892958,0.9790493629358358,0.9810788128480964,0.9837796597238117,0.991103990234226,phMix406_c_0.dcm
340,25168.0,0.982207426928759,0.003766539416719409,0.9671320668345159,0.979777981231403,0.9820096131837949,0.9844357976653697,0.9954070344090944,phMix406_c_0.dcm
341,16384.0,0.9838140493346231,0.004221248244815695,0.9690241855497063,0.9813229571984435,0.9832913710231174,0.98632791638056,0.9932555123216602,phMix406_c_0.dcm
342,8100.0,0.9903045531225894,0.0022876811537982317,0.9829404135194934,0.989394979781796,0.9912413214312963,0.991760128175784,0.9954375524528878,phMix406_c_0.dcm
343,49152.0,0.9843063489924079,0.006699668485434819,0.9474937056534676,0.9816891737239642,0.9851834897383078,0.989196612497139,0.9946593423361563,phMix406_c_0.dcm
344,162000.0,0.9865188073096367,0.004910442969893601,0.9640344853894866,0.9830624856946669,0.9856717784390021,0.9914854657816434,0.9974670023651484,phMix406_c_0.dcm
345,7424.0,0.9827816140460612,0.0038463499833924796,0.9717860685130083,0.9797512779430838,0.9822079804684519,0.9860837720302129,0.99140917067216,phMix406_c_1.dcm
346,11616.0,0.980105369746488,0.04285395947611572,0.0,0.978988326848249,0.9819104295414663,0.9846341649500268,0.9898680094605936,phMix406_c_1.dcm
347,13312.0,0.9816268458006145,0.004254690222225984,0.9653620202944991,0.9789272907606622,0.9811245899137865,0.9843900205996796,0.9908293278400855,phMix406_c_1.dcm
348,29040.0,0.9816852218264545,0.003796055403622374,0.9674830243381399,0.9793087663080796,0.9814297703517204,0.9839322499427786,0.9950408178835737,phMix406_c_1.dcm
349,16384.0,0.9837637729809214,0.004249270871703438,0.9689631494621195,0.9813076981765468,0.9832303349355306,0.9862363622491799,0.9933775844968338,phMix406_c_1.dcm
350,16200.0,0.9889697127253649,0.0037521203217989844,0.9754634927901121,0.986984054322118,0.9903868162050813,0.9915617608911269,0.996078431372549,phMix406_c_1.dcm
351,49152.0,0.9817391442887548,0.0054001719630225285,0.9465934233615625,0.9799496452277409,0.9824673838406958,0.9849088273441673,0.9941100175478752,phMix406_c_1.dcm
352,162000.0,0.9865336080899192,0.004859549676080307,0.9658045319295033,0.9830930037384603,0.9857175555046922,0.9913786526283666,0.9974822613870451,phMix406_c_1.dcm
353,6400.0,0.9801045839055468,0.049193811277094816,0.0,0.9797817959868772,0.982429236285954,0.9852178225375754,0.9899900816357672,phMix406_c_2.dcm
354,10648.0,0.9802556897894732,0.04475676498946564,0.0,0.9793087663080796,0.9823300526436255,0.9852903028915847,0.9896391241321432,phMix406_c_2.dcm
355,14336.0,0.9807001600494283,0.00391329687677042,0.96923781185626,0.9781795986877241,0.9800259403372243,0.9823758297093156,0.9904631113145648,phMix406_c_2.dcm
356,25168.0,0.9814889136124494,0.0036915993077465317,0.9671168078126192,0.9792172121766994,0.9813229571984435,0.9836270695048447,0.9947356374456398,phMix406_c_2.dcm
357,8192.0,0.9852443097557603,0.0048426973604170954,0.972152285038529,0.9822384985122453,0.9855802243076219,0.9896696421759366,0.9932402532997635,phMix406_c_2.dcm
358,40500.0,0.9806425856695179,0.05331219591535554,0.0,0.9810788128480964,0.9837338826581216,0.9868009460593576,0.9956054016937514,phMix406_c_2.dcm
359,16384.0,0.982321237540949,0.006908627134899769,0.9459525444419012,0.9801022354467078,0.9839322499427786,0.9868772411688411,0.9936980239566644,phMix406_c_2.dcm
360,162000.0,0.9863781742297726,0.004942939922518014,0.9639581902800031,0.9829251544975967,0.9858091096360724,0.991103990234226,0.9975280384527352,phMix406_c_2.dcm
361,7424.0,0.9780181827359952,0.06443129465376704,0.0,0.9798733501182574,0.9819485770962081,0.9848020141908904,0.988891432059205,phMix406_c_3.dcm
362,11132.0,0.9825591422115894,0.0030698652330940156,0.9741359578850995,0.9804531929503318,0.9823605706874189,0.9849584191653316,0.9894865339131762,phMix406_c_3.dcm
363,15360.0,0.982453365607754,0.004186427275249172,0.9720912489509422,0.9792477302204928,0.9815213244831006,0.9865415426871138,0.991958495460441,phMix406_c_3.dcm
364,25168.0,0.9779336324460547,0.05801979514149503,0.0,0.9794766155489433,0.9813076981765468,0.9832455939574273,0.9912870984969864,phMix406_c_3.dcm
365,4096.0,0.9890159108086329,0.0019282015611284697,0.9836270695048447,0.9875333791103991,0.9894865339131762,0.9906309605554284,0.9922484168764782,phMix406_c_3.dcm
366,24300.0,0.9833614564014266,0.0034258594376771617,0.9710078583962768,0.9815823605706874,0.9834287022201876,0.9852140077821012,0.9940337224383917,phMix406_c_3.dcm
367,16384.0,0.982058979621457,0.006796212141956342,0.9463340199893187,0.9798886091401541,0.9836270695048447,0.9864957656214237,0.9933928435187305,phMix406_c_3.dcm
368,162000.0,0.9862313701942325,0.004935271452739832,0.9627374685282674,0.9827878233005264,0.9856870374608988,0.9908903639276723,0.9975738155184253,phMix406_c_3.dcm
369,7168.0,0.9770015821868631,0.06551714198792255,0.0,0.9787747005416952,0.9808346684977493,0.9843289845120927,0.9890592813000687,phMix406_c_4.dcm
370,13068.0,0.9818027674970877,0.0033458655147531233,0.9728389410238804,0.9791256580453193,0.9816662851911192,0.9845273517967499,0.989394979781796,phMix406_c_4.dcm
371,14336.0,0.9823596414794029,0.0043447527203387395,0.971099412527657,0.9790493629358358,0.9812619211108567,0.9867551689936676,0.991958495460441,phMix406_c_4.dcm
372,23232.0,0.9814015958078465,0.0036355194857783536,0.9668879224841688,0.979339284351873,0.981750209811551,0.9838712138551918,0.9909208819714657,phMix406_c_4.dcm
373,12288.0,0.984704242455129,0.0038440966010642196,0.9720759899290455,0.9822690165560387,0.9841229877164873,0.9876897840848402,0.9924773022049287,phMix406_c_4.dcm
374,32400.0,0.9827136550349593,0.0031394176702112123,0.9708705271992065,0.9810330357824063,0.9827115281910429,0.9844663157091631,0.992462043183032,phMix406_c_4.dcm
375,16384.0,0.9819296672341116,0.006676668502600231,0.946364538033112,0.9798123140306706,0.9834287022201876,0.9862668802929733,0.9930418860151065,phMix406_c_4.dcm
376,162000.0,0.9861619762128805,0.004843265509487891,0.9625848783093004,0.9827115281910429,0.985427634088655,0.9907835507743954,0.997589074540322,phMix406_c_4.dcm
377,7680.0,0.9814705107480736,0.0031820773799106266,0.9709010452429999,0.9792591744869154,0.9809109636072327,0.9836881055924315,0.9892118715190357,phMix406_c_5.dcm
378,11616.0,0.981955506447147,0.003360605497135638,0.9725947966735332,0.9792935072861829,0.9816891737239642,0.9848477912565805,0.9898527504386969,phMix406_c_5.dcm
379,11264.0,0.98289108721398,0.0038632974073456593,0.9725185015640497,0.9798275730525673,0.982055390249485,0.986785687037461,0.9906614785992218,phMix406_c_5.dcm
380,19360.0,0.9829401077085174,0.0028841857738427274,0.9715114061188678,0.9810177767605096,0.9829861905851834,0.9852597848477913,0.9907225146868086,phMix406_c_5.dcm
381,24576.0,0.9839810315009393,0.004626380084697392,0.9687953002212558,0.98120088502327,0.9835812924391546,0.9881284809643702,0.9925535973144122,phMix406_c_5.dcm
382,32400.0,0.9828052345980426,0.003095015527193307,0.9709925993743801,0.9812314030670634,0.9829098954757,0.9845426108186466,0.9921873807888915,phMix406_c_5.dcm
383,16384.0,0.9820481863594477,0.006556353002070485,0.9483176928358892,0.9799496452277409,0.9834744792858777,0.9862973983367667,0.9933470664530404,phMix406_c_5.dcm
384,162000.0,0.9862757245916092,0.0049549372926204665,0.9630273899443046,0.9828488593881132,0.9857633325703823,0.9908903639276723,0.9975738155184253,phMix406_c_5.dcm
385,9472.0,0.9788434724636517,0.04036245718762148,0.0,0.9786678873884184,0.980346379797055,0.9820401312275883,0.9893797207598993,phMix406_c_6.dcm
386,11616.0,0.9816159787601141,0.003217664920068056,0.9725490196078431,0.9792935072861829,0.9810940718699931,0.9836728465705348,0.9900968947890441,phMix406_c_6.dcm
387,13312.0,0.9832731042132506,0.0036380231938242464,0.9716182192721446,0.9804989700160219,0.9840085450522621,0.9862973983367667,0.990951400015259,phMix406_c_6.dcm
388,13552.0,0.9827713077062834,0.0030114075015889126,0.9717555504692149,0.980849927519646,0.9830930037384603,0.9851071946288243,0.9904631113145648,phMix406_c_6.dcm
389,24576.0,0.9839111489556709,0.00480276038787413,0.9692072938124666,0.9805142290379186,0.9833829251544975,0.9884641794460975,0.9928282597085527,phMix406_c_6.dcm
390,32400.0,0.9828366672412348,0.0031009972641360137,0.97094682230869,0.9813076981765468,0.9830472266727702,0.9845883878843367,0.9920958266575113,phMix406_c_6.dcm
391,16384.0,0.9822717369907897,0.00624592165581648,0.9486839093614099,0.980193789578088,0.9835507743953612,0.98628213931487,0.9934233615625239,phMix406_c_6.dcm
392,162000.0,0.9863209408411491,0.004960627890978403,0.9631189440756848,0.9829251544975967,0.9857633325703823,0.9909361409933624,0.9975738155184253,phMix406_c_6.dcm
393,10240.0,0.979073397385462,0.038857763779030226,0.0,0.9784084840161745,0.9801174944686045,0.9826543068589303,0.9898069733730068,phMix406_c_7.dcm
394,12100.0,0.9813214300351776,0.0032673454680104135,0.969893949797818,0.9790646219577325,0.9811398489356832,0.9830663004501411,0.9905394064240483,phMix406_c_7.dcm
395,16384.0,0.9818690828448657,0.0039803257489891145,0.9700312809948882,0.9785610742351415,0.9818265049210345,0.9854886701762418,0.9910124361028458,phMix406_c_7.dcm
396,17424.0,0.9827837983656874,0.002723058619790417,0.9719844357976654,0.9810330357824063,0.9831540398260471,0.9848783093003739,0.9898069733730068,phMix406_c_7.dcm
397,20480.0,0.9840542498462177,0.00513730813328843,0.9692225528343633,0.9800717174029144,0.9836423285267414,0.9890592813000687,0.993820096131838,phMix406_c_7.dcm
398,24300.0,0.9822492055732479,0.0031892671941062775,0.9714198519874876,0.980895704585336,0.9825741969939726,0.9839322499427786,0.9920958266575113,phMix406_c_7.dcm
399,16384.0,0.9821070850291114,0.006200398133619805,0.9481345845731288,0.9800869764248111,0.9833676661326008,0.9861142900740063,0.9931181811245899,phMix406_c_7.dcm
400,162000.0,0.9862880627353022,0.0050436952067295345,0.9618066681925689,0.9828030823224231,0.9859006637674526,0.990951400015259,0.997589074540322,phMix406_c_7.dcm
401,8704.0,0.9822968488436804,0.0035172867218770743,0.9721828030823224,0.979690241855497,0.9819790951400015,0.9851987487602045,0.9913481345845732,phMix406_c_8.dcm
402,9680.0,0.9818124060892324,0.003356902773541398,0.9717402914473182,0.9794308384832532,0.9814297703517204,0.9840543221179522,0.989898527504387,phMix406_c_8.dcm
403,13312.0,0.9839822326388278,0.003279175014760023,0.9719691767757687,0.9815213244831006,0.9842984664682993,0.9866483558403907,0.991607537956817,phMix406_c_8.dcm
404,19360.0,0.9835270503995404,0.0032149341968394298,0.9729762722209506,0.9815823605706874,0.9833981841763942,0.985275043869688,0.9924162661173419,phMix406_c_8.dcm
405,16384.0,0.9829092323639086,0.004787435539452487,0.9696955825131609,0.9794155794613565,0.9827420462348363,0.9862973983367667,0.9942473487449455,phMix406_c_8.dcm
406,16200.0,0.9833902862196904,0.0024170713841634942,0.9752040894178683,0.9820401312275883,0.9831845578698405,0.9843900205996796,0.9921721217669948,phMix406_c_8.dcm
407,32768.0,0.9815156535734126,0.005529338751336228,0.9502555886167696,0.9778744182497902,0.982757305256733,0.985275043869688,0.9934081025406272,phMix406_c_8.dcm
408,162000.0,0.9865423522629979,0.005019624132041344,0.9627222095063707,0.9830930037384603,0.9861448081177997,0.9911802853437095,0.9975585564965286,phMix406_c_8.dcm
409,8448.0,0.9795041984707454,0.042818385804493694,0.0,0.9786984054322118,0.9811703669794766,0.9840238040741588,0.9900205996795606,phMix406_c_9.dcm
410,10164.0,0.978430660941741,0.04569368368824071,0.0,0.978133821622034,0.9801327534905012,0.9820706492713817,0.9898374914168002,phMix406_c_9.dcm
411,16384.0,0.98318924901323,0.003566588071832955,0.9719081406881819,0.9808041504539559,0.9832150759136339,0.9860074769207294,0.9916533150225071,phMix406_c_9.dcm
412,17424.0,0.9827263904993884,0.0036957214310078534,0.9714351110093843,0.9803921568627451,0.9826810101472495,0.9845578698405433,0.9928740367742428,phMix406_c_9.dcm
413,20480.0,0.9832779389114595,0.004449411962863384,0.9700770580605783,0.9801785305561913,0.9835049973296711,0.9862058442053865,0.9942626077668422,phMix406_c_9.dcm
414,16200.0,0.9834241320489381,0.0023736118832538996,0.9755855649652857,0.9821316853589684,0.9832761120012207,0.9844357976653697,0.9920347905699245,phMix406_c_9.dcm
415,32768.0,0.9810828385513526,0.005499646925585618,0.9507438773174639,0.9771114671549553,0.9822995345998321,0.9849088273441673,0.993820096131838,phMix406_c_9.dcm
416,162000.0,0.9865452876466911,0.0050619174766432865,0.9604791332875563,0.9830777447165636,0.9861753261615931,0.9911955443656062,0.9975432974746319,phMix406_c_9.dcm
417,9472.0,0.9743424025278425,0.08043145279738399,0.0,0.9785305561913481,0.9805600061036087,0.9830930037384603,0.9892881666285191,phMix407_c_0.dcm
418,12100.0,0.9828031088050232,0.003896882022033765,0.9657282368200198,0.9799191271839475,0.9830472266727702,0.9863126573586634,0.9902342259861143,phMix407_c_0.dcm
419,17408.0,0.9817612359625414,0.004116331042749292,0.9683222705424582,0.9788204776073853,0.9811551079575799,0.9846799420157168,0.9929503318837263,phMix407_c_0.dcm
420,11616.0,0.9841778458443652,0.004066962154885664,0.968734264133669,0.9818265049210345,0.9857480735484856,0.9870756084534982,0.992309452964065,phMix407_c_0.dcm
421,4096.0,0.9820194630016403,0.001271202144230784,0.9787289234760052,0.9810635538261997,0.9818951705195696,0.9828030823224231,0.9874723430228123,phMix407_c_0.dcm
422,40500.0,0.9822420163761331,0.003659548523755798,0.9713893339436942,0.9799801632715343,0.9820706492713817,0.984924086366064,0.9928282597085527,phMix407_c_0.dcm
423,81920.0,0.9855361059527471,0.005308321619390585,0.940886549172198,0.9828030823224231,0.9856717784390021,0.9893339436942092,0.9972686350804914,phMix407_c_0.dcm
424,129600.0,0.9865471500244427,0.005376582818126129,0.9571374074921798,0.9826962691691462,0.9862363622491799,0.9914854657816434,0.9975585564965286,phMix407_c_0.dcm
425,9472.0,0.9699077364014276,0.10616337647137185,0.0,0.9787747005416952,0.9808194094758526,0.9840085450522621,0.9911345082780194,phMix407_c_1.dcm
426,10648.0,0.9823720192529648,0.00325223638260226,0.9723201342793927,0.9801174944686045,0.9823910887312123,0.9847867551689937,0.9897611963073167,phMix407_c_1.dcm
427,13312.0,0.980600365941423,0.003857308598133472,0.9605401693751431,0.9784390020599679,0.9801785305561913,0.983260852979324,0.990402075226978,phMix407_c_1.dcm
428,13552.0,0.9829376988278027,0.00427989622316321,0.9709163042648966,0.9793087663080796,0.984115358205539,0.986785687037461,0.9901426718547341,phMix407_c_1.dcm
429,4096.0,0.9820985223187038,0.001276511465813805,0.9787441824979018,0.9811398489356832,0.9820096131837949,0.9829251544975967,0.9868925001907378,phMix407_c_1.dcm
430,40500.0,0.9823105749731318,0.0036237825252817832,0.9712214847028305,0.9800564583810177,0.9821622034027618,0.9849698634317541,0.9929350728618296,phMix407_c_1.dcm
431,81920.0,0.9855891131721718,0.0052714836250435,0.9432364385442893,0.9828336003662165,0.9857175555046922,0.9893797207598993,0.9970397497520409,phMix407_c_1.dcm
432,129600.0,0.9866405692651274,0.005386620958615312,0.9566186007476921,0.9828183413443198,0.98632791638056,0.9915465018692302,0.9975585564965286,phMix407_c_1.dcm
433,7936.0,0.9714416791569144,0.09810684959672264,0.0,0.9785458152132448,0.980193789578088,0.98457312886244,0.9908751049057756,phMix407_c_2.dcm
434,9196.0,0.9816702774928466,0.003615879903056922,0.9654383154039826,0.9792172121766994,0.9815823605706874,0.9843595025558861,0.9892423895628291,phMix407_c_2.dcm
435,12288.0,0.9811415650789336,0.0033704760283575445,0.9712672617685206,0.9788014038300145,0.9806668192568856,0.983611810482948,0.9901426718547341,phMix407_c_2.dcm
436,11616.0,0.9827953227629926,0.004599236511954786,0.9683527885862516,0.9794003204394598,0.984115358205539,0.9867093919279775,0.9915159838254368,phMix407_c_2.dcm
437,4096.0,0.9818441705171854,0.0012394958715040367,0.9782253757534142,0.9809567406729228,0.9817349507896543,0.9826504921034561,0.9864652475776303,phMix407_c_2.dcm
438,40500.0,0.9820698478901575,0.0035763914440409546,0.9710536354619669,0.9798123140306706,0.9819333180743114,0.9846646829938202,0.9924773022049287,phMix407_c_2.dcm
439,81920.0,0.9850845175094296,0.005454484602263694,0.9401083390554665,0.9823300526436255,0.9852597848477913,0.9888761730373083,0.9969634546425574,phMix407_c_2.dcm
440,129600.0,0.9863890080411276,0.005361012713052441,0.9572747386892501,0.9825894560158693,0.9860837720302129,0.991256580453193,0.9976195925841154,phMix407_c_2.dcm
441,7168.0,0.9767121312289506,0.0655183766720876,0.0,0.9783932249942778,0.9799343862058442,0.9836575875486381,0.9913481345845732,phMix407_c_3.dcm
442,10164.0,0.973611773551431,0.09106604266361026,0.0,0.9790646219577325,0.981902800030518,0.9854581521324484,0.989394979781796,phMix407_c_3.dcm
443,12288.0,0.980365076072582,0.0032119055373505006,0.968383306630045,0.9785763332570382,0.980346379797055,0.9826657511253528,0.9882200350957504,phMix407_c_3.dcm
444,17424.0,0.9824678760107087,0.0044912332020943,0.9682459754329747,0.979186694132906,0.9822079804684519,0.9866025787747006,0.9920805676356146,phMix407_c_3.dcm
445,8192.0,0.9805950318174448,0.0023251299260909244,0.9706721599145495,0.9792935072861829,0.9809872587167162,0.982101167315175,0.9866788738841841,phMix407_c_3.dcm
446,32400.0,0.9814237566958377,0.0032849987314194674,0.9712672617685206,0.9794003204394598,0.9814602883955138,0.9835660334172579,0.9929350728618296,phMix407_c_3.dcm
447,81920.0,0.9852952516427292,0.0054195044237467255,0.9426260776684214,0.9825284199282825,0.9854734111543451,0.9890897993438621,0.9965209430075532,phMix407_c_3.dcm
448,129600.0,0.9866884676409836,0.0053763615816153874,0.9573968108644236,0.9828793774319066,0.9863431754024568,0.9915159838254368,0.9976043335622187,phMix407_c_3.dcm
449,6400.0,0.9783344491493096,0.04909275778291519,0.0,0.9785152971694514,0.9798733501182574,0.9827420462348363,0.9897154192416266,phMix407_c_4.dcm
450,7744.0,0.9797156229842485,0.05241734138455243,0.0,0.9797665369649805,0.9825894560158693,0.9856603341725796,0.9896086060883498,phMix407_c_4.dcm
451,10240.0,0.9807286898222323,0.002810400083789979,0.9706111238269627,0.9790493629358358,0.980544747081712,0.9826810101472495,0.987487602044709,phMix407_c_4.dcm
452,19360.0,0.9828354336557273,0.004329294960098799,0.9691004806591897,0.9789578088044556,0.9837186236362249,0.9865262836652171,0.9920500495918212,phMix407_c_4.dcm
453,8192.0,0.980751984417916,0.0021441756531414722,0.9713740749217975,0.9794155794613565,0.9811245899137865,0.9821622034027618,0.9864042114900435,phMix407_c_4.dcm
454,24300.0,0.9826153316749352,0.0029465703870179636,0.971297779812314,0.9809414816510261,0.9824979018844892,0.9843442435339894,0.9930113679713131,phMix407_c_4.dcm
455,81920.0,0.9852429334262585,0.005431947244777246,0.9413138017853055,0.9824673838406958,0.985427634088655,0.989044022278172,0.9962005035477226,phMix407_c_4.dcm
456,97200.0,0.9853921213839492,0.0052915720882388655,0.9583886472877089,0.9820401312275883,0.9846646829938202,0.9904783703364615,0.9974975204089418,phMix407_c_4.dcm
457,10496.0,0.9780877072761341,0.05419045958581785,0.0,0.9787899595635919,0.9802548256656748,0.9828488593881132,0.9898069733730068,phMix407_c_5.dcm
458,6776.0,0.9816072893446537,0.0034236364847597955,0.9707789730678263,0.9790951400015259,0.9813534752422369,0.984313725490196,0.9897764553292134,phMix407_c_5.dcm
459,10240.0,0.9817990520928703,0.003180568999716955,0.9706263828488594,0.9796749828336003,0.981551842526894,0.9839932860303654,0.9895323109788663,phMix407_c_5.dcm
460,19360.0,0.9830909473960984,0.004214953261816908,0.9653620202944991,0.9806210421911955,0.9831845578698405,0.9865262836652171,0.991958495460441,phMix407_c_5.dcm
461,8192.0,0.9830015352900645,0.0037147015676989694,0.971999694819562,0.9796597238117036,0.9825131609063859,0.9865262836652171,0.9907988097962921,phMix407_c_5.dcm
462,24300.0,0.9827249624097449,0.002912547125855592,0.9718623636224918,0.9810177767605096,0.9826352330815594,0.9843900205996796,0.992965590905623,phMix407_c_5.dcm
463,81920.0,0.985242717356124,0.005531865097294237,0.9403067063401236,0.9824521248187991,0.9854428931105517,0.9891660944533456,0.9959716182192722,phMix407_c_5.dcm
464,97200.0,0.9854720136665577,0.005250490614932024,0.9590905622949569,0.9821469443808651,0.984771496147097,0.9905241474021516,0.997436484321355,phMix407_c_5.dcm
465,9728.0,0.9774194365054029,0.06892335090594283,0.0,0.9794766155489433,0.9815976195925841,0.9854886701762418,0.9921721217669948,phMix407_c_6.dcm
466,10164.0,0.9818367466612333,0.003576013954751774,0.9673456931410697,0.9794003204394598,0.9818722819867246,0.9843595025558861,0.9897306782635233,phMix407_c_6.dcm
467,14336.0,0.9821986756156743,0.003784883581679879,0.9713282978561074,0.9796292057679102,0.9815823605706874,0.985122453650721,0.9906919966430152,phMix407_c_6.dcm
468,17424.0,0.9833225826588153,0.003763063812606851,0.9701228351262684,0.981048294804303,0.9832913710231174,0.98628213931487,0.9924315251392386,phMix407_c_6.dcm
469,8192.0,0.984827124893306,0.002509519022550216,0.975722896162356,0.9833524071107042,0.9852445258258946,0.9867093919279775,0.991103990234226,phMix407_c_6.dcm
470,16200.0,0.9825828522502819,0.0024428792393225074,0.9721065079728389,0.9811093308918898,0.9823910887312123,0.9837338826581216,0.9929198138399329,phMix407_c_6.dcm
471,65536.0,0.984407942779115,0.005715867853520589,0.9394369420920119,0.9817196917677576,0.9848477912565805,0.9882505531395438,0.9958953231097887,phMix407_c_6.dcm
472,97200.0,0.9856885104588663,0.005251672315318783,0.959487296864271,0.9823605706874189,0.9850003814755475,0.9907377737087053,0.9974212252994583,phMix407_c_6.dcm
473,10496.0,0.980182471791744,0.038470879021327356,0.0,0.9790035858701457,0.9809262226291294,0.9841916533150225,0.9919279774166476,phMix407_c_7.dcm
474,7260.0,0.9822882395607588,0.003674168100084756,0.9709315632867933,0.9794613565270466,0.9820248722056916,0.9858701457236592,0.9896238651102465,phMix407_c_7.dcm
475,15360.0,0.9825979209980036,0.003713880661047608,0.9713435568780041,0.9798886091401541,0.9820706492713817,0.9861448081177997,0.9904783703364615,phMix407_c_7.dcm
476,19360.0,0.9829000322835504,0.0038130337493385725,0.9697108415350576,0.9802243076218814,0.9828336003662165,0.9859006637674526,0.9920347905699245,phMix407_c_7.dcm
477,8192.0,0.9846718337976607,0.002441498795695141,0.9757381551842527,0.983260852979324,0.9850308995193409,0.986480506599527,0.9904631113145648,phMix407_c_7.dcm
478,16200.0,0.9826022641751133,0.0024662189122880494,0.9730525673304341,0.9811093308918898,0.9823605706874189,0.9837186236362249,0.9932249942778668,phMix407_c_7.dcm
479,49152.0,0.9844370323075018,0.005928747979917345,0.9407492179751278,0.981902800030518,0.9847257190814069,0.9883115892271306,0.9957732509346151,phMix407_c_7.dcm
480,129600.0,0.9774518334138671,0.08418743432027238,0.0,0.9814450293736171,0.9845120927748532,0.9886472877088579,0.997589074540322,phMix407_c_7.dcm
481,10496.0,0.9793484577920568,0.038421105240927275,0.0,0.9784962233920805,0.9800564583810177,0.9828488593881132,0.9929198138399329,phMix407_c_8.dcm
482,11616.0,0.9816922239519984,0.003899800834355956,0.9721980621042191,0.9787289234760052,0.980849927519646,0.9854123750667583,0.9911955443656062,phMix407_c_8.dcm
483,17408.0,0.9826876175982524,0.003932199902414966,0.9712062256809338,0.9797970550087739,0.9823910887312123,0.9861142900740063,0.9919279774166476,phMix407_c_8.dcm
484,19360.0,0.982582640687236,0.004095829182722054,0.9640802624551766,0.9796597238117036,0.9823758297093156,0.9858854047455559,0.9920958266575113,phMix407_c_8.dcm
485,16384.0,0.9869458760332623,0.004749363689481091,0.972457465476463,0.9836270695048447,0.9860685130083162,0.9909971770809491,0.9966887922484169,phMix407_c_8.dcm
486,16200.0,0.982218242631635,0.0024453424658509477,0.9723659113450828,0.9808041504539559,0.9820096131837949,0.9833218890669108,0.9930876630807965,phMix407_c_8.dcm
487,65536.0,0.9860749250292514,0.005647853426915942,0.9500267032883192,0.9828030823224231,0.9859922178988327,0.990402075226978,0.9976195925841154,phMix407_c_8.dcm
488,129600.0,0.9772347171947513,0.08403237360532115,0.0,0.9811703669794766,0.984313725490196,0.9884031433585108,0.9976195925841154,phMix407_c_8.dcm
489,8960.0,0.9807114706291076,0.0035909058788040904,0.9713588158999008,0.9781795986877241,0.9797207598992904,0.9830014496070801,0.992660410467689,phMix407_c_9.dcm
490,13552.0,0.9814638790847722,0.003806629868669474,0.9714198519874876,0.9785610742351415,0.9808194094758526,0.984988937209125,0.9908751049057756,phMix407_c_9.dcm
491,17408.0,0.9830433312744873,0.003705282025695234,0.9707331960021363,0.9801327534905012,0.9832761120012207,0.9859922178988327,0.9911650263218128,phMix407_c_9.dcm
492,21296.0,0.9818915069499342,0.0042652295762217,0.9613946746013581,0.9787747005416952,0.9817349507896543,0.9848630502784772,0.9930724040588998,phMix407_c_9.dcm
493,16384.0,0.9865984399140251,0.004755536585697637,0.9720454718852521,0.9832150759136339,0.9857175555046922,0.9906614785992218,0.996429388876173,phMix407_c_9.dcm
494,16200.0,0.9819362182303868,0.002471242187385236,0.9727321278706035,0.9805294880598153,0.981750209811551,0.9830472266727702,0.9926909285114824,phMix407_c_9.dcm
495,65536.0,0.9858419914126278,0.005648201755081655,0.9497978179598687,0.9825284199282825,0.9856717784390021,0.9902952620737011,0.9976348516060121,phMix407_c_9.dcm
496,129600.0,0.9775584212139964,0.0807440168257314,0.0,0.9809262226291294,0.9841306172274357,0.9881437399862669,0.9976348516060121,phMix407_c_9.dcm
497,968.0,0.9742893835670423,0.004277945409293456,0.9621728847180896,0.9719233997100786,0.9749752040894178,0.9771953917753872,0.9835202563515678,phMix408_c_0.dcm
498,1024.0,0.9762135690852216,0.0070796036262803196,0.958281834134432,0.9710154879072251,0.9764782177462424,0.9817807278553444,0.9904783703364615,phMix408_c_0.dcm
499,1936.0,0.9779902086891932,0.005560494950689582,0.9632715342946517,0.9750629434653239,0.9800259403372243,0.9821622034027618,0.9869687953002213,phMix408_c_0.dcm
500,256.0,0.9195892462043183,0.2379061786055317,0.0,0.9800488288700694,0.9807888914320592,0.9817387655451285,0.9844052796215763,phMix408_c_1.dcm
501,484.0,0.974170416791986,0.003792569148630333,0.9639734493018998,0.9724498359655146,0.9745708400091554,0.9761272602426184,0.9814908064393072,phMix408_c_1.dcm
502,1024.0,0.9739948417353324,0.0074112530957863715,0.9547264820325018,0.9686655985351339,0.9741359578850995,0.9794804303044174,0.9907988097962921,phMix408_c_1.dcm
503,1936.0,0.9761102435957821,0.006189804466977195,0.9620813305867094,0.9705920500495918,0.9786221103227283,0.9808995193408102,0.985976958876936,phMix408_c_1.dcm
504,256.0,0.9728779826619364,0.0038678173246152773,0.9646601052872511,0.9696917677576867,0.9732585641260395,0.9758678568703746,0.9803311207751583,phMix408_c_2.dcm
505,484.0,0.9743512866445095,0.003977410707579699,0.9636682688639658,0.9712291142137789,0.9748378728923476,0.9780613412680247,0.9811245899137865,phMix408_c_2.dcm
506,1024.0,0.9747682089007782,0.007102669529190233,0.9553826199740597,0.9695277332722972,0.9753185320820935,0.9798046845197222,0.9923552300297551,phMix408_c_2.dcm
507,1936.0,0.9763579031960083,0.006384419022114305,0.9603875791561761,0.9705157549401083,0.9789196612497139,0.98120088502327,0.986831464103151,phMix408_c_2.dcm
508,256.0,0.9752625624666209,0.0034608937266844453,0.968230716411078,0.9721942473487449,0.9757305256733043,0.9780727855344472,0.9815365835049973,phMix408_c_3.dcm
509,484.0,0.9732926762369738,0.003753879408409657,0.9630884260318914,0.970683604180972,0.9738307774471656,0.9763179980163271,0.9801785305561913,phMix408_c_3.dcm
510,1024.0,0.9769852523937591,0.006703606209575718,0.9606622415503167,0.9720836194399939,0.9772106507972839,0.9818341344319829,0.9942931258106356,phMix408_c_3.dcm
511,1936.0,0.9769580099461079,0.006574315199497454,0.9613641565575647,0.971034561684596,0.979339284351873,0.981902800030518,0.9884184023804075,phMix408_c_3.dcm
512,3872.0,0.977808921105182,0.0069644633388782655,0.9562829022659648,0.9718471046005951,0.979690241855497,0.9831235217822537,0.9961699855039292,phMix408_c_4.dcm
513,256.0,0.9812931544213015,0.0011422769658221742,0.9781948577096208,0.9804989700160219,0.9813153276874952,0.9821087968261234,0.9845578698405433,phMix408_c_5.dcm
514,484.0,0.9827796893591021,0.0017098534272085688,0.977126726176852,0.9817196917677576,0.9828488593881132,0.9838406958113984,0.987838559548333,phMix408_c_5.dcm
515,3872.0,0.9775294035677107,0.006754084426713816,0.9591515983825437,0.9717975127794308,0.9797131303883421,0.9824521248187991,0.9961852445258259,phMix408_c_5.dcm
516,484.0,0.9746535350803023,0.004740588100654815,0.9641260395208667,0.9709620813305867,0.9746471351186389,0.9784580758373388,0.9844968337529565,phMix408_c_6.dcm
517,3872.0,0.9762919528521445,0.006514058515689406,0.9595788509956512,0.9713244831006332,0.9784390020599679,0.9808537422751201,0.9962920576791028,phMix408_c_6.dcm
518,768.0,0.9590298242351415,0.14440133824382498,0.0,0.9790150301365682,0.980346379797055,0.9820706492713817,0.9867093919279775,phMix408_c_7.dcm
519,1024.0,0.9722346450131609,0.006650199383790078,0.9562829022659648,0.9672312504768444,0.9725719081406882,0.9779659723811703,0.984771496147097,phMix408_c_7.dcm
520,3872.0,0.9772121128574914,0.006120262120893793,0.960341802090486,0.9734912642099641,0.9791256580453193,0.9813076981765468,0.9961547264820325,phMix408_c_7.dcm
521,1024.0,0.9723002111228732,0.005843013280016882,0.9573968108644236,0.9680666819256886,0.9729381246662089,0.9773785000381475,0.9837338826581216,phMix408_c_8.dcm
522,3872.0,0.9771986114605343,0.005739755698819943,0.9611505302510109,0.9738727397573815,0.9789578088044556,0.9811398489356832,0.996078431372549,phMix408_c_8.dcm
523,256.0,0.9795477845807584,0.00676105467090459,0.9621423666742962,0.9751888303959716,0.9819943541618982,0.9844090943770505,0.990600442511635,phMix408_c_9.dcm
524,1024.0,0.9762548161287861,0.005933058861569845,0.961196307316701,0.9713664454108492,0.9767681391622797,0.9812695506218051,0.9873197528038453,phMix408_c_9.dcm
525,3872.0,0.9822711525038353,0.005763177244062648,0.964263370717937,0.9783779659723811,0.9839322499427786,0.9864957656214237,0.9952697032120241,phMix408_c_9.dcm
